Rk,Player,Tm,Age,Pos,G,GS,Tgt,Rec,Ctch%,Yds,Y/R,TD,Lng,Y/Tgt,R/G,Y/G,Fmb
1,Michael Thomas*+\ThomMi05,NOR,25,WR,16,16,147,125,85.0%,1405,11.2,9,72,9.6,7.8,87.8,2
2,Zach Ertz*\ErtzZa00,PHI,28,TE,16,16,156,116,74.4%,1163,10.0,8,34,7.5,7.3,72.7,1
3,DeAndre Hopkins*+\HopkDe00,HOU,26,WR,16,16,163,115,70.6%,1572,13.7,11,49,9.6,7.2,98.3,2
4,Julio Jones*\JoneJu02,ATL,29,WR,16,16,170,113,66.5%,1677,14.8,8,58,9.9,7.1,104.8,2
5,Adam Thielen*\ThieAd00,MIN,28,WR,16,16,153,113,73.9%,1373,12.2,9,68,9.0,7.1,85.8,1
6,Davante Adams*\AdamDa01,GNB,26,WR,15,15,169,111,65.7%,1386,12.5,13,57,8.2,7.4,92.4,0
7,JuJu Smith-Schuster*\SmitJu00,PIT,22,WR,16,13,166,111,66.9%,1426,12.8,7,97,8.6,6.9,89.1,1
8,Christian McCaffrey\McCaCh01,CAR,22,RB,16,16,124,107,86.3%,867,8.1,6,38,7.0,6.7,54.2,4
9,Antonio Brown*\BrowAn04,PIT,30,WR,15,15,168,104,61.9%,1297,12.5,15,78,7.7,6.9,86.5,0
10,Travis Kelce*+\KelcTr00,KAN,29,TE,16,16,150,103,68.7%,1336,13.0,10,43,8.9,6.4,83.5,2
11,Stefon Diggs\DiggSt00,MIN,25,WR,15,14,149,102,68.5%,1021,10.0,9,75,6.9,6.8,68.1,0
12,Keenan Allen*\AlleKe00,LAC,26,WR,16,14,136,97,71.3%,1196,12.3,6,54,8.8,6.1,74.8,3
13,Saquon Barkley*\BarkSa00,NYG,21,RB,16,16,121,91,75.2%,721,7.9,4,57,6.0,5.7,45.1,0
14,George Kittle*\KittGe00,SFO,25,TE,16,16,136,88,64.7%,1377,15.6,5,85,10.1,5.5,86.1,0
15,Tyreek Hill*+\HillTy00,KAN,24,WR,16,16,137,87,63.5%,1479,17.0,12,75,10.8,5.4,92.4,0
16,James White\WhitJa02,NWE,26,rb,16,3,123,87,70.7%,751,8.6,7,42,6.1,5.4,46.9,0
17,Mike Evans*\EvanMi00,TAM,25,WR,16,16,138,86,62.3%,1524,17.7,8,72,11.0,5.4,95.3,2
18,Robert Woods\WoodRo02,LAR,26,WR,16,16,130,86,66.2%,1219,14.2,6,39,9.4,5.4,76.2,0
19,Alvin Kamara*\KamaAl00,NOR,23,RB,15,13,105,81,77.1%,709,8.8,4,42,6.8,5.4,47.3,1
20,Jarvis Landry*\LandJa00,CLE,26,WR,16,14,149,81,54.4%,976,12.0,4,51,6.6,5.1,61.0,1
21,Brandin Cooks\CookBr00,LAR,25,WR,16,16,117,80,68.4%,1204,15.1,5,57,10.3,5.0,75.3,1
22,Odell Beckham\BeckOd00,NYG,26,WR,12,12,124,77,62.1%,1052,13.7,6,51,8.5,6.4,87.7,2
23,Ezekiel Elliott*\ElliEz00,DAL,23,RB,15,15,95,77,81.1%,567,7.4,3,38,6.0,5.1,37.8,6
24,Tyler Boyd\BoydTy00,CIN,24,WR,14,14,108,76,70.4%,1028,13.5,7,49,9.5,5.4,73.4,0
25,T.Y. Hilton\HiltT.00,IND,29,WR,14,14,120,76,63.3%,1270,16.7,6,68,10.6,5.4,90.7,0
26,Adam Humphries\HumpAd00,TAM,25,WR,16,10,105,76,72.4%,816,10.7,5,51,7.8,4.8,51.0,2
27,Amari Cooper*\CoopAm00,2TM,24,,15,15,107,75,70.1%,1005,13.4,7,90,9.4,5.0,67.0,2
28,Julian Edelman\EdelJu00,NWE,32,WR,12,12,108,74,68.5%,850,11.5,6,36,7.9,6.2,70.8,1
29,Golden Tate\TateGo00,2TM,30,,15,8,113,74,65.5%,795,10.7,4,67,7.0,4.9,53.0,3
30,Tarik Cohen*+\CoheTa00,CHI,23,rb/wr,16,7,91,71,78.0%,725,10.2,5,70,8.0,4.4,45.3,7
31,Austin Hooper*\HoopAu00,ATL,24,te,16,7,88,71,80.7%,660,9.3,4,36,7.5,4.4,41.3,0
32,Emmanuel Sanders\SandEm00,DEN,31,WR,12,12,98,71,72.4%,868,12.2,4,64,8.9,5.9,72.3,1
33,Kenny Golladay\GollKe00,DET,25,WR,15,13,119,70,58.8%,1063,15.2,5,60,8.9,4.7,70.9,1
34,Larry Fitzgerald\FitzLa00,ARI,35,WR,16,16,112,69,61.6%,734,10.6,6,37,6.6,4.3,45.9,0
35,Jared Cook*\CookJa02,OAK,31,TE,16,14,101,68,67.3%,896,13.2,6,45,8.9,4.3,56.0,0
36,Jalen Richard\RichJa01,OAK,25,rb,16,1,81,68,84.0%,607,8.9,0,32,7.5,4.3,37.9,3
37,Taylor Gabriel\GabrTa00,CHI,27,WR,16,11,93,67,72.0%,688,10.3,2,54,7.4,4.2,43.0,1
38,Eric Ebron*\EbroEr00,IND,25,te/wr,16,8,110,66,60.0%,750,11.4,13,53,6.8,4.1,46.9,1
39,Mohamed Sanu\SanuMo00,ATL,29,WR,16,16,94,66,70.2%,838,12.7,4,44,8.9,4.1,52.4,2
40,Sterling Shepard\ShepSt00,NYG,25,WR,16,16,107,66,61.7%,872,13.2,4,58,8.1,4.1,54.5,1
41,Dede Westbrook\WestDe00,JAX,25,WR,16,9,101,66,65.3%,717,10.9,5,61,7.1,4.1,44.8,3
42,Cole Beasley\BeasCo00,DAL,29,wr,16,4,87,65,74.7%,672,10.3,3,32,7.7,4.1,42.0,0
43,Corey Davis\DaviCo03,TEN,23,WR,16,16,112,65,58.0%,891,13.7,4,51,8.0,4.1,55.7,1
44,Alshon Jeffery\JeffAl00,PHI,28,WR,13,13,92,65,70.7%,843,13.0,6,52,9.2,5.0,64.8,1
45,Nelson Agholor\AghoNe00,PHI,25,WR,16,16,97,64,66.0%,736,11.5,4,83,7.6,4.0,46.0,1
46,Calvin Ridley\RidlCa00,ATL,24,wr,16,5,92,64,69.6%,821,12.8,10,75,8.9,4.0,51.3,2
47,Kyle Rudolph\RudoKy00,MIN,29,TE,16,16,82,64,78.0%,634,9.9,4,44,7.7,4.0,39.6,0
48,Nyheim Hines\HineNy00,IND,22,rb,16,4,81,63,77.8%,425,6.7,2,28,5.2,3.9,26.6,1
49,Jordy Nelson\NelsJo00,OAK,33,WR,15,14,88,63,71.6%,739,11.7,3,66,8.4,4.2,49.3,1
50,Willie Snead\SneaWi00,BAL,26,WR,16,10,95,62,65.3%,651,10.5,1,28,6.9,3.9,40.7,0
51,Theo Riddick\RiddTh00,DET,27,wr,14,3,74,61,82.4%,384,6.3,0,20,5.2,4.4,27.4,0
52,Danny Amendola\AmenDa00,MIA,33,WR,15,15,79,59,74.7%,575,9.7,1,39,7.3,3.9,38.3,2
53,Chris Godwin\GodwCh00,TAM,22,wr,16,5,95,59,62.1%,842,14.3,7,48,8.9,3.7,52.6,4
54,Todd Gurley*+\GurlTo01,LAR,24,RB,14,14,81,59,72.8%,580,9.8,4,56,7.2,4.2,41.4,1
55,Dion Lewis\LewiDi00,TEN,28,rb,16,7,67,59,88.1%,400,6.8,1,37,6.0,3.7,25.0,1
56,Demaryius Thomas\ThomDe03,2TM,31,,15,15,89,59,66.3%,677,11.5,5,45,7.6,3.9,45.1,0
57,Tyler Lockett\LockTy00,SEA,26,WR,16,14,70,57,81.4%,965,16.9,10,52,13.8,3.6,60.3,2
58,Zay Jones\JoneZa00,BUF,23,WR,16,15,102,56,54.9%,652,11.6,7,57,6.4,3.5,40.8,1
59,David Njoku\NjokDa00,CLE,22,TE,16,14,88,56,63.6%,639,11.4,4,66,7.3,3.5,39.9,0
60,James Conner*\ConnJa00,PIT,23,RB,13,12,71,55,77.5%,497,9.0,1,29,7.0,4.2,38.2,4
61,Jimmy Graham\GrahJi00,GNB,32,TE,16,12,89,55,61.8%,636,11.6,2,54,7.1,3.4,39.8,0
62,D.J. Moore\MoorD.00,CAR,21,WR,16,10,82,55,67.1%,788,14.3,2,82,9.6,3.4,49.3,4
63,Allen Robinson\RobiAl02,CHI,25,WR,13,12,94,55,58.5%,754,13.7,4,43,8.0,4.2,58.0,1
64,T.J. Yeldon\YeldT.00,JAX,25,rb,14,5,78,55,70.5%,487,8.9,4,37,6.2,3.9,34.8,1
65,Trey Burton\BurtTr01,CHI,27,TE,16,16,76,54,71.1%,569,10.5,6,47,7.5,3.4,35.6,1
66,Michael Crabtree\CrabMi00,BAL,31,WR,16,16,100,54,54.0%,607,11.2,3,27,6.1,3.4,37.9,0
67,Jordan Reed\ReedJo02,WAS,28,te/wr,13,8,84,54,64.3%,558,10.3,2,34,6.6,4.2,42.9,1
68,Kenyan Drake\DrakKe00,MIA,24,rb,16,7,73,53,72.6%,477,9.0,5,52,6.5,3.3,29.8,2
69,Chester Rogers\RogeCh02,IND,24,WR,16,10,72,53,73.6%,485,9.2,2,34,6.7,3.3,30.3,1
70,Robby Anderson\AndeRo04,NYJ,25,WR,14,9,94,50,53.2%,752,15.0,6,76,8.0,3.6,53.7,2
71,Doug Baldwin\BaldDo00,SEA,30,WR,13,13,73,50,68.5%,618,12.4,5,42,8.5,3.8,47.5,0
72,Melvin Gordon*\GordMe00,LAC,25,RB,12,12,66,50,75.8%,490,9.8,4,66,7.4,4.2,40.8,1
73,David Johnson\JohnDa08,ARI,27,RB,16,16,76,50,65.8%,446,8.9,3,40,5.9,3.1,27.9,3
74,Vance McDonald\McDoVa00,PIT,28,TE,15,14,72,50,69.4%,610,12.2,4,75,8.5,3.3,40.7,2
75,Donte Moncrief\MoncDo00,JAX,25,WR,16,14,89,48,53.9%,668,13.9,3,80,7.5,3.0,41.8,1
76,Rob Gronkowski\GronRo00,NWE,29,TE,13,11,72,47,65.3%,682,14.5,3,42,9.5,3.6,52.5,1
77,Duke Johnson\JohnDu00,CLE,25,rb,16,2,62,47,75.8%,429,9.1,3,32,6.9,2.9,26.8,1
78,A.J. Green\GreeA.00,CIN,30,WR,9,9,77,46,59.7%,694,15.1,6,38,9.0,5.1,77.1,2
79,Evan Engram\EngrEv00,NYG,24,TE,11,8,64,45,70.3%,577,12.8,3,54,9.0,4.1,52.5,0
80,Seth Roberts\RobeSe00,OAK,27,wr,15,7,64,45,70.3%,494,11.0,2,44,7.7,3.0,32.9,0
81,Josh Doctson\DoctJo00,WAS,26,WR,15,12,78,44,56.4%,532,12.1,2,32,6.8,2.9,35.5,0
82,Devin Funchess\FuncDe00,CAR,24,WR,14,12,79,44,55.7%,549,12.5,4,27,6.9,3.1,39.2,0
83,Antonio Callaway\CallAn00,CLE,21,WR,16,11,79,43,54.4%,586,13.6,5,71,7.4,2.7,36.6,1
84,Christian Kirk\KirkCh01,ARI,22,wr,12,7,68,43,63.2%,590,13.7,3,75,8.7,3.6,49.2,0
85,Joe Mixon\MixoJo00,CIN,22,RB,14,13,55,43,78.2%,296,6.9,1,21,5.4,3.1,21.1,0
86,C.J. Uzomah\UzomC.00,CIN,25,TE,16,15,64,43,67.2%,439,10.2,3,29,6.9,2.7,27.4,0
87,Mike Williams\WillMi07,LAC,24,wr,16,5,66,43,65.2%,664,15.4,10,55,10.1,2.7,41.5,0
88,Jarius Wright\WrigJa02,CAR,29,fb/wr,16,6,59,43,72.9%,447,10.4,1,33,7.6,2.7,27.9,3
89,Kendrick Bourne\BourKe00,SFO,23,WR,16,8,66,42,63.6%,487,11.6,4,33,7.4,2.6,30.4,1
90,John Brown\BrowJo02,BAL,28,WR,16,15,97,42,43.3%,715,17.0,5,71,7.4,2.6,44.7,0
91,Courtland Sutton\SuttCo00,DEN,23,WR,16,9,84,42,50.0%,704,16.8,4,42,8.4,2.6,44.0,0
92,Josh Gordon\GordJo02,2TM,27,,12,12,71,41,57.7%,737,18.0,4,55,10.4,3.4,61.4,0
93,DeSean Jackson\JackDe00,TAM,32,WR,12,10,74,41,55.4%,774,18.9,4,75,10.5,3.4,64.5,0
94,Chris Thompson\ThomCh03,WAS,28,,10,0,55,41,74.5%,268,6.5,1,23,4.9,4.1,26.8,1
95,Tyrell Williams\WillTy00,LAC,26,lcb/wr,16,10,65,41,63.1%,653,15.9,5,75,10.0,2.6,40.8,2
96,Dalvin Cook\CookDa01,MIN,23,RB,11,10,49,40,81.6%,305,7.6,2,27,6.2,3.6,27.7,2
97,Cooper Kupp\KuppCo00,LAR,25,WR,8,8,55,40,72.7%,566,14.2,6,70,10.3,5.0,70.8,0
98,Sammy Watkins\WatkSa00,KAN,25,WR,10,9,55,40,72.7%,519,13.0,3,50,9.4,4.0,51.9,1
99,Austin Ekeler\EkelAu00,LAC,23,rb,14,3,53,39,73.6%,404,10.4,3,44,7.6,2.8,28.9,1
100,Chris Herndon\HernCh00,NYJ,22,TE,16,12,56,39,69.6%,502,12.9,4,32,9.0,2.4,31.4,2
101,Rashard Higgins\HiggRa00,CLE,24,wr,13,1,53,39,73.6%,572,14.7,4,40,10.8,3.0,44.0,2
102,Curtis Samuel\SamuCu00,CAR,22,WR,13,8,65,39,60.0%,494,12.7,5,53,7.6,3.0,38.0,1
103,Devontae Booker\BookDe00,DEN,26,,16,0,51,38,74.5%,275,7.2,0,30,5.4,2.4,17.2,1
104,Randall Cobb\CobbRa00,GNB,28,wr,9,6,61,38,62.3%,383,10.1,2,75,6.3,4.2,42.6,2
105,Keelan Cole\ColeKe00,JAX,25,WR,16,11,70,38,54.3%,491,12.9,1,35,7.0,2.4,30.7,2
106,Quincy Enunwa\EnunQu00,NYJ,26,WR,11,10,68,38,55.9%,449,11.8,1,42,6.6,3.5,40.8,2
107,Jacquizz Rodgers\RodgJa00,TAM,28,,16,0,45,38,84.4%,304,8.0,0,24,6.8,2.4,19.0,1
108,Marquez Valdes-Scantling\ValdMa00,GNB,24,WR,16,10,73,38,52.1%,581,15.3,2,60,8.0,2.4,36.3,0
109,Jermaine Kearse\KearJe01,NYJ,28,WR,14,9,76,37,48.7%,371,10.0,1,29,4.9,2.6,26.5,0
110,Kenny Stills\StilKe00,MIA,26,WR,15,15,64,37,57.8%,553,14.9,6,75,8.6,2.5,36.9,1
111,Taywan Taylor\TaylTa00,TEN,23,wr,13,5,56,37,66.1%,466,12.6,1,55,8.3,2.8,35.8,1
112,Ryan Switzer\SwitRy00,PIT,24,wr,16,1,44,36,81.8%,253,7.0,1,24,5.8,2.3,15.8,2
113,Ian Thomas\ThomIa00,CAR,22,te,16,6,49,36,73.5%,333,9.3,2,31,6.8,2.3,20.8,0
114,Javorius Allen\AlleJa01,BAL,27,,14,0,43,35,81.4%,196,5.6,2,17,4.6,2.5,14.0,1
115,Giovani Bernard\BernGi00,CIN,27,rb,12,4,48,35,72.9%,218,6.2,0,26,4.5,2.9,18.2,0
116,Ryan Grant\GranRy01,IND,28,WR,14,10,52,35,67.3%,334,9.5,1,23,6.4,2.5,23.9,0
117,Chris Hogan\HogaCh00,NWE,31,wr,16,7,55,35,63.6%,532,15.2,3,63,9.7,2.2,33.3,0
118,Marvin Jones\JoneMa02,DET,28,WR,9,9,62,35,56.5%,508,14.5,5,39,8.2,3.9,56.4,0
119,Phillip Lindsay*\LindPh00,DEN,24,RB,15,8,47,35,74.5%,241,6.9,1,29,5.1,2.3,16.1,0
120,Laquon Treadwell\TreaLa00,MIN,23,wr,15,7,53,35,66.0%,302,8.6,1,22,5.7,2.3,20.1,0
121,Ben Watson\WatsBe00,NOR,38,te,16,4,46,35,76.1%,400,11.4,2,32,8.7,2.2,25.0,0
122,Mark Andrews\AndrMa00,BAL,22,te,16,3,50,34,68.0%,552,16.2,3,74,11.0,2.1,34.5,0
123,Mike Davis\DaviMi01,SEA,25,rb,15,2,42,34,81.0%,214,6.3,1,18,5.1,2.3,14.3,0
124,O.J. Howard\HowaO.00,TAM,24,TE,10,8,48,34,70.8%,565,16.6,5,75,11.8,3.4,56.5,0
125,LeSean McCoy\McCoLe01,BUF,30,RB,14,13,46,34,73.9%,238,7.0,0,24,5.2,2.4,17.0,0
126,Ricky Seals-Jones\SealRi00,ARI,23,te,15,5,69,34,49.3%,343,10.1,1,40,5.0,2.3,22.9,0
127,Gerald Everett\EverGe00,LAR,24,,16,0,50,33,66.0%,320,9.7,3,40,6.4,2.1,20.0,0
128,Michael Gallup\GallMi00,DAL,22,WR,16,8,68,33,48.5%,507,15.4,2,49,7.5,2.1,31.7,0
129,Dallas Goedert\GoedDa00,PHI,23,TE,16,8,44,33,75.0%,334,10.1,4,32,7.6,2.1,20.9,0
130,Anthony Miller\MillAn02,CHI,24,wr,15,4,54,33,61.1%,423,12.8,7,55,7.8,2.2,28.2,1
131,Tevin Coleman\ColeTe01,ATL,25,RB,16,14,44,32,72.7%,276,8.6,5,39,6.3,2.0,17.3,2
132,Chris Conley\ConlCh00,KAN,26,WR,16,13,52,32,61.5%,334,10.4,5,27,6.4,2.0,20.9,2
133,Phillip Dorsett\DorsPh00,NWE,25,wr,16,2,42,32,76.2%,290,9.1,3,20,6.9,2.0,18.1,0
134,Will Fuller\FullWi01,HOU,24,wr,7,7,45,32,71.1%,503,15.7,4,73,11.2,4.6,71.9,0
135,Kerryon Johnson\JohnKe06,DET,21,rb/wr,10,7,39,32,82.1%,213,6.7,1,24,5.5,3.2,21.3,1
136,Bruce Ellington\ElliBr00,2TM,27,,7,3,42,31,73.8%,224,7.2,1,23,5.3,4.4,32.0,1
137,Jeff Heuerman\HeueJe00,DEN,26,TE,11,10,48,31,64.6%,281,9.1,2,36,5.9,2.8,25.5,0
138,Cameron Brate\BratCa00,TAM,27,te,16,2,49,30,61.2%,289,9.6,6,21,5.9,1.9,18.1,1
139,DaeSean Hamilton\HamiDa01,DEN,23,wr,14,5,45,30,66.7%,243,8.1,2,24,5.4,2.1,17.4,0
140,Jesse James\JameJe00,PIT,24,te,16,7,39,30,76.9%,423,14.1,2,51,10.8,1.9,26.4,0
141,Kyle Juszczyk*\JuszKy00,SFO,27,FB,16,14,41,30,73.2%,324,10.8,1,56,7.9,1.9,20.3,2
142,Jamison Crowder\CrowJa00,WAS,25,wr,9,7,49,29,59.2%,388,13.4,2,79,7.9,3.2,43.1,0
143,Josh Reynolds\ReynJo00,LAR,23,WR,16,8,53,29,54.7%,402,13.9,5,33,7.6,1.8,25.1,0
144,Nick Vannett\VannNi00,SEA,25,TE,15,9,43,29,67.4%,269,9.3,3,32,6.3,1.9,17.9,1
145,Keke Coutee\CoutKe00,HOU,21,wr,6,2,41,28,68.3%,287,10.3,1,40,7.0,4.7,47.8,0
146,Antonio Gates\GateAn00,LAC,38,te,16,1,45,28,62.2%,333,11.9,2,27,7.4,1.8,20.8,1
147,Maurice Harris\HarrMa05,WAS,26,wr,12,7,47,28,59.6%,304,10.9,0,42,6.5,2.3,25.3,1
148,Dontrelle Inman\InmaDo00,IND,29,wr,9,4,39,28,71.8%,304,10.9,3,29,7.8,3.1,33.8,0
149,Wendell Smallwood\SmalWe00,PHI,24,rb,16,6,35,28,80.0%,230,8.2,2,36,6.6,1.8,14.4,2
150,Tre'Quan Smith\SmitTr03,NOR,22,wr,15,7,44,28,63.6%,427,15.3,5,62,9.7,1.9,28.5,0
151,Matt Breida\BreiMa00,SFO,23,RB,14,13,31,27,87.1%,261,9.7,2,26,8.4,1.9,18.6,1
152,Robert Foster\FostRo01,BUF,24,wr,13,3,44,27,61.4%,541,20.0,3,75,12.3,2.1,41.6,0
153,Blake Jarwin\JarwBl00,DAL,24,te,16,4,36,27,75.0%,307,11.4,3,39,8.5,1.7,19.2,0
154,Greg Olsen\OlseGr00,CAR,33,TE,9,9,38,27,71.1%,291,10.8,4,23,7.7,3.0,32.3,0
155,Zach Pascal\PascZa00,IND,24,wr,16,4,46,27,58.7%,268,9.9,2,28,5.8,1.7,16.8,0
156,Dante Pettis\PettDa00,SFO,23,wr,12,7,45,27,60.0%,467,17.3,5,75,10.4,2.3,38.9,2
157,Ito Smith\SmitIt00,ATL,23,,14,0,32,27,84.4%,152,5.6,0,20,4.8,1.9,10.9,1
158,Jamaal Williams\WillJa06,GNB,23,RB,16,8,41,27,65.9%,210,7.8,0,26,5.1,1.7,13.1,0
159,Jack Doyle\DoylJa00,IND,28,te,6,6,33,26,78.8%,245,9.4,2,20,7.4,4.3,40.8,1
160,Kareem Hunt\HuntKa00,KAN,23,RB,11,11,35,26,74.3%,378,14.5,7,67,10.8,2.4,34.4,0
161,Aaron Jones\JoneAa00,GNB,24,RB,12,8,35,26,74.3%,206,7.9,1,24,5.9,2.2,17.2,1
162,David Moore\MoorDa03,SEA,23,wr,16,7,53,26,49.1%,445,17.1,5,54,8.4,1.6,27.8,2
163,Jaylen Samuels\SamuJa00,PIT,22,rb,14,3,29,26,89.7%,199,7.7,3,23,6.9,1.9,14.2,1
164,Tajae Sharpe\SharTa00,TEN,24,WR,16,13,47,26,55.3%,316,12.2,2,28,6.7,1.6,19.8,0
165,Geoff Swaim\SwaiGe00,DAL,25,TE,9,9,32,26,81.3%,242,9.3,1,43,7.6,2.9,26.9,0
166,Trent Taylor\TaylTr02,SFO,24,,14,0,41,26,63.4%,215,8.3,1,23,5.2,1.9,15.4,1
167,Albert Wilson\WilsAl02,MIA,26,wr,7,3,35,26,74.3%,391,15.0,4,75,11.2,3.7,55.9,0
168,Kelvin Benjamin\BenjKe00,2TM,27,,15,10,67,25,37.3%,380,15.2,1,40,5.7,1.7,25.3,0
169,Vernon Davis\DaviVe00,WAS,34,te/wr,14,8,36,25,69.4%,367,14.7,2,53,10.2,1.8,26.2,0
170,Rhett Ellison\ElliRh00,NYG,30,TE,14,12,34,25,73.5%,272,10.9,1,29,8.0,1.8,19.4,0
171,Lamar Miller*\MillLa01,HOU,27,RB,14,14,35,25,71.4%,163,6.5,1,16,4.7,1.8,11.6,1
172,Ty Montgomery\MontTy01,2TM,25,,13,0,40,25,62.5%,235,9.4,0,43,5.9,1.9,18.1,2
173,Pierre Garcon\GarcPi00,SFO,32,WR,8,8,46,24,52.2%,286,11.9,1,25,6.2,3.0,35.8,0
174,Ryan Griffin\GrifRy00,HOU,28,TE,14,11,43,24,55.8%,305,12.7,0,47,7.1,1.7,21.8,0
175,Tyler Higbee\HigbTy00,LAR,25,TE,16,16,34,24,70.6%,292,12.2,2,36,8.6,1.5,18.3,1
176,Matt LaCosse\LaCoMa00,DEN,26,te,15,5,37,24,64.9%,250,10.4,1,44,6.8,1.6,16.7,0
177,James O'Shaughnessy\O'ShJa00,JAX,26,TE,14,9,38,24,63.2%,214,8.9,0,17,5.6,1.7,15.3,0
178,DeVante Parker\ParkDe01,MIA,25,wr,11,7,47,24,51.1%,309,12.9,1,46,6.6,2.2,28.1,0
179,Nick Boyle\BoylNi00,BAL,25,TE,16,13,37,23,62.2%,213,9.3,0,25,5.8,1.4,13.3,0
180,Marquise Goodwin\GoodMa00,SFO,28,WR,11,8,43,23,53.5%,395,17.2,4,67,9.2,2.1,35.9,1
181,Tim Patrick\PatrTi00,DEN,25,wr,16,4,41,23,56.1%,315,13.7,1,26,7.7,1.4,19.7,2
182,Damien Williams\WillDa05,KAN,26,rb,16,3,24,23,95.8%,160,7.0,2,32,6.7,1.4,10.0,1
183,DeAndre Carter\CartDe02,2TM,25,,14,4,25,22,88.0%,216,9.8,0,50,8.6,1.6,15.4,5
184,Corey Clement\ClemCo00,PHI,24,,11,0,25,22,88.0%,192,8.7,0,23,7.7,2.0,17.5,4
185,Jason Croom\CrooJa00,BUF,24,te,15,3,35,22,62.9%,259,11.8,1,26,7.4,1.5,17.3,2
186,Leonard Fournette\FourLe00,JAX,23,RB,8,8,26,22,84.6%,185,8.4,1,31,7.1,2.8,23.1,0
187,Mike Gesicki\GesiMi00,MIA,23,te,16,7,32,22,68.8%,202,9.2,0,27,6.3,1.4,12.6,1
188,Latavius Murray\MurrLa00,MIN,28,rb,16,6,26,22,84.6%,141,6.4,0,16,5.4,1.4,8.8,0
189,Demarcus Robinson\RobiDe01,KAN,24,wr,16,5,33,22,66.7%,288,13.1,4,89,8.7,1.4,18.0,0
190,Charles Clay\ClayCh00,BUF,29,TE/wr,13,12,36,21,58.3%,184,8.8,0,21,5.1,1.6,14.2,1
191,Isaiah Crowell\CrowIs00,NYJ,25,rb,13,6,28,21,75.0%,152,7.2,0,21,5.4,1.6,11.7,0
192,Jakeem Grant\GranJa00,MIA,26,wr,10,2,34,21,61.8%,268,12.8,2,52,7.9,2.1,26.8,0
193,Mark Ingram\IngrMa01,NOR,29,rb,12,6,27,21,77.8%,170,8.1,1,28,6.3,1.8,14.2,3
194,Cordarrelle Patterson\PattCo00,NWE,27,rb/wr,15,5,28,21,75.0%,247,11.8,3,55,8.8,1.4,16.5,1
195,John Ross\RossJo00,CIN,24,WR,13,10,58,21,36.2%,210,10.0,7,39,3.6,1.6,16.2,0
196,Equanimeous St. Brown\St.BEq00,GNB,22,wr,12,7,36,21,58.3%,328,15.6,0,54,9.1,1.8,27.3,0
197,Levine Toilolo\ToilLe00,DET,27,TE,16,10,24,21,87.5%,263,12.5,1,39,11.0,1.3,16.4,0
198,Geronimo Allison\AlliGe01,GNB,24,wr,5,4,30,20,66.7%,303,15.2,2,64,10.1,4.0,60.6,1
199,Peyton Barber\BarbPe01,TAM,24,RB,16,16,29,20,69.0%,92,4.6,1,10,3.2,1.3,5.8,1
200,Alfred Blue\BlueAl00,HOU,27,rb,16,2,27,20,74.1%,154,7.7,0,28,5.7,1.3,9.6,0
201,Chris Carson\CarsCh00,SEA,24,RB,14,14,24,20,83.3%,163,8.2,0,27,6.8,1.4,11.6,3
202,Nick Chubb\ChubNi00,CLE,23,RB,16,9,29,20,69.0%,149,7.5,2,24,5.1,1.3,9.3,0
203,Chase Edmonds\EdmoCh00,ARI,22,,16,0,23,20,87.0%,103,5.2,0,13,4.5,1.3,6.4,1
204,Alex Erickson\EricAl01,CIN,26,wr,16,6,29,20,69.0%,167,8.4,0,28,5.8,1.3,10.4,1
205,Jordan Howard\HowaJo00,CHI,24,RB,16,15,26,20,76.9%,145,7.3,0,18,5.6,1.3,9.1,2
206,Allen Hurns\HurnAl01,DAL,27,wr,16,7,35,20,57.1%,295,14.8,2,49,8.4,1.3,18.4,1
207,Jordan Matthews\MattJo00,PHI,26,wr,14,3,28,20,71.4%,300,15.0,2,56,10.7,1.4,21.4,0
208,Adrian Peterson\PeteAd01,WAS,33,RB,16,16,26,20,76.9%,208,10.4,1,52,8.0,1.3,13.0,3
209,Paul Richardson\RichPa01,WAS,26,wr,7,4,35,20,57.1%,262,13.1,2,46,7.5,2.9,37.4,0
210,Jonnu Smith\SmitJo01,TEN,23,TE,13,12,30,20,66.7%,258,12.9,3,61,8.6,1.5,19.8,1
211,Jordan Thomas\ThomJo05,HOU,22,TE,16,10,27,20,74.1%,215,10.8,4,39,8.0,1.3,13.4,0
212,Spencer Ware\WareSp00,KAN,27,rb,13,2,23,20,87.0%,224,11.2,0,31,9.7,1.5,17.2,0
213,Martavis Bryant\BryaMa00,OAK,27,wr,8,2,27,19,70.4%,266,14.0,0,47,9.9,2.4,33.3,1
214,Anthony Firkser\FirkAn00,TEN,23,,12,0,20,19,95.0%,225,11.8,1,28,11.3,1.6,18.8,0
215,Virgil Green\GreeVi00,LAC,30,TE,16,16,27,19,70.4%,210,11.1,1,26,7.8,1.2,13.1,0
216,T.J. Jones\JoneT.00,DET,26,wr,15,3,26,19,73.1%,190,10.0,2,26,7.3,1.3,12.7,0
217,Lance Kendricks\KendLa00,GNB,30,te,16,3,25,19,76.0%,170,8.9,1,22,6.8,1.2,10.6,0
218,Elijah McGuire\McGuEl00,NYJ,24,rb,8,3,31,19,61.3%,193,10.2,1,20,6.2,2.4,24.1,2
219,Chris Moore\MoorCh00,BAL,25,,16,0,25,19,76.0%,196,10.3,1,30,7.8,1.2,12.3,0
220,Trent Sherfield\SherTr00,ARI,22,wr,13,2,28,19,67.9%,210,11.1,1,21,7.5,1.5,16.2,0
221,Doug Martin\MartDo00,OAK,29,RB,16,9,24,18,75.0%,116,6.4,0,23,4.8,1.1,7.3,3
222,Isaiah McKenzie\McKeIs00,2TM,23,,8,1,30,18,60.0%,179,9.9,0,23,6.0,2.3,22.4,2
223,Jordan Akins\AkinJo00,HOU,26,te,16,6,25,17,68.0%,225,13.2,0,28,9.0,1.1,14.1,0
224,Trenton Cannon\CannTr00,NYJ,24,,16,0,25,17,68.0%,144,8.5,0,35,5.8,1.1,9.0,0
225,Ted Ginn\GinnTe00,NOR,33,wr,5,3,30,17,56.7%,209,12.3,2,42,7.0,3.4,41.8,1
226,Marlon Mack\MackMa00,IND,22,RB,12,10,26,17,65.4%,103,6.1,1,29,4.0,1.4,8.6,2
227,Aldrick Robinson\RobiAl00,MIN,30,,14,0,35,17,48.6%,231,13.6,5,40,6.6,1.2,16.5,0
228,Torrey Smith\SmitTo02,CAR,29,wr,11,6,31,17,54.8%,190,11.2,2,35,6.1,1.5,17.3,0
229,Deonte Thompson\ThomDe04,2TM,29,,13,6,30,17,56.7%,161,9.5,0,15,5.4,1.3,12.4,0
230,Chad Williams\WillCh05,ARI,24,wr,10,7,46,17,37.0%,171,10.1,1,22,3.7,1.7,17.1,0
231,Kapri Bibbs\BibbKa00,2TM,25,,12,0,23,16,69.6%,115,7.2,1,23,5.0,1.3,9.6,1
232,Bennie Fowler\FowlBe00,NYG,27,wr,10,5,27,16,59.3%,199,12.4,1,26,7.4,1.6,19.9,1
233,Josh Hill\HillJo02,NOR,28,TE,16,11,24,16,66.7%,185,11.6,1,23,7.7,1.0,11.6,0
234,Breshad Perriman\PerrBr02,CLE,25,wr,10,2,25,16,64.0%,340,21.3,2,66,13.6,1.6,34.0,0
235,Terrelle Pryor\PryoTe00,2TM,29,,8,1,30,16,53.3%,252,15.8,2,44,8.4,2.0,31.5,0
236,James Washington\WashJa00,PIT,22,wr,14,6,38,16,42.1%,217,13.6,1,47,5.7,1.1,15.5,0
237,Jordan Wilkins\WilkJo01,IND,24,rb,16,3,17,16,94.1%,85,5.3,0,17,5.0,1.0,5.3,2
238,Maxx Williams\WillMa04,BAL,24,te,13,6,17,16,94.1%,143,8.9,1,25,8.4,1.2,11.0,0
239,Marcell Ateman\AtemMa00,OAK,24,wr,7,6,31,15,48.4%,154,10.3,1,32,5.0,2.1,22.0,0
240,Alex Collins\CollAl00,BAL,24,RB,10,10,21,15,71.4%,105,7.0,1,24,5.0,1.5,10.5,3
241,Tyler Eifert\EifeTy00,CIN,28,te,4,2,19,15,78.9%,179,11.9,1,29,9.4,3.8,44.8,0
242,Derrick Henry\HenrDe00,TEN,24,RB,16,12,18,15,83.3%,99,6.6,0,21,5.5,0.9,6.2,1
243,Justin Jackson\JackJu01,LAC,23,rb,13,1,19,15,78.9%,135,9.0,0,19,7.1,1.2,10.4,0
244,Marshawn Lynch\LyncMa00,OAK,32,rb,6,6,20,15,75.0%,84,5.6,0,17,4.2,2.5,14.0,0
245,Darren Sproles\SproDa00,PHI,35,rb,6,2,23,15,65.2%,160,10.7,2,37,7.0,2.5,26.7,0
246,Luke Stocker\StocLu00,TEN,30,TE,16,11,21,15,71.4%,165,11.0,2,31,7.9,0.9,10.3,0
247,Josh Bellamy\BellJo02,CHI,29,wr,16,2,25,14,56.0%,117,8.4,1,20,4.7,0.9,7.3,0
248,Jaron Brown\BrowJa03,SEA,28,wr,16,2,19,14,73.7%,166,11.9,5,45,8.7,0.9,10.4,0
249,Rex Burkhead\BurkRe00,NWE,28,rb/wr,8,4,20,14,70.0%,131,9.4,1,25,6.6,1.8,16.4,2
250,DJ Chark\CharDJ00,JAX,22,,11,0,32,14,43.8%,174,12.4,0,38,5.4,1.3,15.8,1
251,Royce Freeman\FreeRo00,DEN,22,RB,14,8,20,14,70.0%,72,5.1,0,9,3.6,1.0,5.1,1
252,Wayne Gallman\GallWa00,NYG,24,rb,15,2,22,14,63.6%,89,6.4,0,21,4.0,0.9,5.9,2
253,Justin Hardy\HardJu00,ATL,27,,16,0,22,14,63.6%,133,9.5,2,19,6.0,0.9,8.3,1
254,Jordan Leggett\LeggJo00,NYJ,23,te,15,4,24,14,58.3%,114,8.1,1,16,4.8,0.9,7.6,0
255,Cody Core\CoreCo00,CIN,24,wr,14,3,28,13,46.4%,160,12.3,1,30,5.7,0.9,11.4,0
256,Andre Holmes\HolmAn00,2TM,30,,15,3,24,13,54.2%,162,12.5,0,24,6.8,0.9,10.8,0
257,Hayden Hurst\HursHa00,BAL,25,,12,0,23,13,56.5%,163,12.5,1,32,7.1,1.1,13.6,0
258,Chris Ivory\IvorCh00,BUF,30,rb,13,1,21,13,61.9%,205,15.8,0,55,9.8,1.0,15.8,1
259,Keith Kirkwood\KirkKe00,NOR,25,wr,8,1,21,13,61.9%,209,16.1,2,42,10.0,1.6,26.1,0
260,Damion Ratley\RatlDa00,CLE,23,wr,13,3,20,13,65.0%,144,11.1,0,27,7.2,1.0,11.1,0
261,Luke Willson\WillLu00,DET,28,TE,14,8,19,13,68.4%,87,6.7,0,13,4.6,0.9,6.2,0
262,Dan Arnold\ArnoDa00,NOR,23,te,10,1,19,12,63.2%,150,12.5,1,25,7.9,1.2,15.0,1
263,Travis Benjamin\BenjTr00,LAC,29,wr,12,3,24,12,50.0%,186,15.5,1,46,7.8,1.0,15.5,0
264,James Develin\DeveJa00,NWE,30,fb/rb/te,16,8,17,12,70.6%,61,5.1,0,11,3.6,0.8,3.8,0
265,Ed Dickson\DickEd00,SEA,31,te,10,1,13,12,92.3%,143,11.9,3,42,11.0,1.2,14.3,0
266,Frank Gore\GoreFr00,MIA,35,RB,14,14,16,12,75.0%,124,10.3,1,24,7.8,0.9,8.9,1
267,Demetrius Harris\HarrDe03,KAN,27,te,15,3,25,12,48.0%,164,13.7,3,35,6.6,0.8,10.9,0
268,Brandon LaFell\LaFeBr00,OAK,32,wr,6,5,16,12,75.0%,135,11.3,2,24,8.4,2.0,22.5,0
269,Eli Rogers\RogeEl00,PIT,26,wr,3,3,14,12,85.7%,79,6.6,0,17,5.6,4.0,26.3,1
270,Dalton Schultz\SchuDa00,DAL,22,te,11,7,17,12,70.6%,116,9.7,0,17,6.8,1.1,10.5,0
271,Logan Thomas\ThomLo00,BUF,27,te,12,3,17,12,70.6%,77,6.4,0,24,4.5,1.0,6.4,0
272,Jeff Wilson\WilsJe01,SFO,23,rb,6,2,15,12,80.0%,98,8.2,0,24,6.5,2.0,16.3,3
273,Darren Fells\FellDa01,CLE,32,TE,16,11,12,11,91.7%,117,10.6,3,49,9.8,0.7,7.3,0
274,C.J. Ham\HamxC.00,MIN,25,rb/te,15,2,15,11,73.3%,85,7.7,0,17,5.7,0.7,5.7,0
275,Darius Jennings\JennDa00,TEN,26,,16,0,15,11,73.3%,101,9.2,0,36,6.7,0.7,6.3,0
276,Andy Jones\JoneAn01,DET,24,wr,8,3,24,11,45.8%,80,7.3,1,15,3.3,1.4,10.0,0
277,Cody Latimer\LatiCo00,NYG,26,wr,6,2,16,11,68.8%,190,17.3,1,39,11.9,1.8,31.7,0
278,Brandon Marshall\MarsBr00,SEA,34,wr,7,2,23,11,47.8%,136,12.4,1,27,5.9,1.6,19.4,0
279,Marcus Murphy\MurpMa03,BUF,27,rb,11,1,19,11,57.9%,26,2.4,0,8,1.4,1.0,2.4,1
280,Bilal Powell\PoweBi00,NYJ,30,rb,7,7,18,11,61.1%,110,10.0,1,28,6.1,1.6,15.7,2
281,Brandon Powell\PoweBr00,DET,22,wr,6,1,17,11,64.7%,129,11.7,0,41,7.6,1.8,21.5,0
282,Austin Seferian-Jenkins\SefeAu00,JAX,26,te,5,5,19,11,57.9%,90,8.2,1,21,4.7,2.2,18.0,0
283,LeGarrette Blount\BlouLe00,DET,32,RB,16,8,15,10,66.7%,67,6.7,0,23,4.5,0.6,4.2,2
284,Deontay Burnett\BurnDe00,NYJ,21,wr,5,1,15,10,66.7%,143,14.3,0,29,9.5,2.0,28.6,0
285,Michael Floyd\FloyMi00,WAS,29,wr,13,3,24,10,41.7%,100,10.0,1,20,4.2,0.8,7.7,0
286,Marvin Hall\HallMa02,ATL,25,,16,0,19,10,52.6%,149,14.9,1,47,7.8,0.6,9.3,0
287,Carlos Hyde\HydeCa00,2TM,28,,14,7,16,10,62.5%,33,3.3,0,9,2.1,0.7,2.4,2
288,Niles Paul\PaulNi00,JAX,29,te,6,1,13,10,76.9%,98,9.8,0,22,7.5,1.7,16.3,0
289,Andre Roberts*+\RobeAn00,NYJ,30,wr,16,1,17,10,58.8%,79,7.9,1,20,4.6,0.6,4.9,3
290,Russell Shepard\ShepRu00,NYG,28,,12,0,19,10,52.6%,188,18.8,2,49,9.9,0.8,15.7,0
291,Lee Smith\SmitLe00,OAK,31,te,16,4,11,10,90.9%,73,7.3,3,30,6.6,0.6,4.6,0
292,Kalen Ballage\BallKa00,MIA,23,,12,0,11,9,81.8%,56,6.2,0,31,5.1,0.8,4.7,1
293,Austin Carr\CarrAu00,NOR,25,wr,14,2,14,9,64.3%,97,10.8,2,25,6.9,0.6,6.9,0
294,Corey Grant\GranCo00,JAX,27,rb,5,1,12,9,75.0%,67,7.4,0,16,5.6,1.8,13.4,0
295,Jermaine Gresham\GresJe00,ARI,30,TE,13,11,12,9,75.0%,94,10.4,0,26,7.8,0.7,7.2,1
296,Dontrell Hilliard\HillDo00,CLE,23,,11,0,10,9,90.0%,105,11.7,0,24,10.5,0.8,9.5,0
297,Richie James\JameRi00,SFO,23,wr,13,2,14,9,64.3%,130,14.4,1,53,9.3,0.7,10.0,2
298,Cameron Meredith\MereCa00,NOR,26,wr,6,1,10,9,90.0%,114,12.7,1,46,11.4,1.5,19.0,1
299,Logan Paulsen\PaulLo00,ATL,31,TE,15,10,9,9,100.0%,91,10.1,1,19,10.1,0.6,6.1,0
300,Rashaad Penny\PennRa00,SEA,22,,14,0,12,9,75.0%,75,8.3,0,24,6.3,0.6,5.4,0
301,MyCole Pruitt\PruiMy00,TEN,26,te,15,1,11,9,81.8%,102,11.3,1,27,9.3,0.6,6.8,0
302,Trey Quinn\QuinTr00,WAS,23,wr,3,2,10,9,90.0%,75,8.3,1,15,7.5,3.0,25.0,0
303,Michael Roberts\RobeMi01,DET,24,te,8,2,20,9,45.0%,100,11.1,3,29,5.0,1.1,12.5,0
304,Scott Simonson\SimoSc00,NYG,26,te,16,4,14,9,64.3%,86,9.6,1,24,6.1,0.6,5.4,0
305,Rod Smith\SmitRo06,DAL,26,rb,16,1,12,9,75.0%,60,6.7,0,14,5.0,0.6,3.8,0
306,Tavon Austin\AustTa00,DAL,28,,7,0,13,8,61.5%,140,17.5,2,64,10.8,1.1,20.0,0
307,Cameron Batson\BatsCa00,TEN,23,wr,11,2,11,8,72.7%,82,10.3,0,26,7.5,0.7,7.5,1
308,Blake Bell\BellBl00,JAX,27,te,10,4,11,8,72.7%,67,8.4,0,16,6.1,0.8,6.7,0
309,Jake Butt\ButtJa00,DEN,23,te,3,3,13,8,61.5%,85,10.6,0,22,6.5,2.7,28.3,0
310,Will Dissly\DissWi00,SEA,22,te,4,4,14,8,57.1%,156,19.5,2,66,11.1,2.0,39.0,0
311,Andy Janovich\JanoAn00,DEN,25,fb,16,7,10,8,80.0%,112,14.0,1,32,11.2,0.5,7.0,0
312,Jake Kumerow\KumeJa00,GNB,26,wr,5,2,11,8,72.7%,103,12.9,1,49,9.4,1.6,20.6,0
313,Taquan Mizzell\MizzTa00,CHI,25,wr,9,1,10,8,80.0%,78,9.8,1,26,7.8,0.9,8.7,0
314,Alfred Morris\MorrAl00,SFO,30,rb,12,1,13,8,61.5%,73,9.1,0,16,5.6,0.7,6.1,2
315,Nick O'Leary\OLeaNi00,MIA,26,te,12,7,10,8,80.0%,86,10.8,1,19,8.6,0.7,7.2,0
316,Elijhaa Penny\PennEl00,NYG,25,rb,14,3,9,8,88.9%,50,6.3,0,16,5.6,0.6,3.6,0
317,Anthony Sherman*\SherAn00,KAN,30,fb,16,1,9,8,88.9%,96,12.0,1,36,10.7,0.5,6.0,0
318,Erik Swoope\SwooEr00,IND,26,te,7,2,10,8,80.0%,87,10.9,3,26,8.7,1.1,12.4,0
319,Eric Tomlinson\TomlEr01,NYJ,26,TE,15,12,14,8,57.1%,72,9.0,0,24,5.1,0.5,4.8,0
320,Josh Adams\AdamJo03,PHI,22,rb,14,5,13,7,53.8%,58,8.3,0,13,4.5,0.5,4.1,1
321,Mo Alie-Cox\AlieMo00,IND,25,te,9,1,13,7,53.8%,133,19.0,2,34,10.2,0.8,14.8,0
322,Antony Auclair\AuclAn00,TAM,25,TE,16,10,8,7,87.5%,48,6.9,0,12,6.0,0.4,3.0,0
323,Derek Carrier\CarrDe00,OAK,28,te,16,2,12,7,58.3%,67,9.6,1,23,5.6,0.4,4.2,0
324,Ronald Jones\JoneRo01,TAM,21,,9,0,9,7,77.8%,33,4.7,0,15,3.7,0.8,3.7,0
325,T.J. Logan\LogaT.00,ARI,24,,10,0,7,7,100.0%,37,5.3,0,17,5.3,0.7,3.7,0
326,Sony Michel\MichSo00,NWE,23,RB,13,8,11,7,63.6%,50,7.1,0,13,4.5,0.5,3.8,1
327,JJ Nelson\NelsJJ00,ARI,26,wr,14,2,19,7,36.8%,64,9.1,0,17,3.4,0.5,4.6,0
328,Zach Zenner\ZennZa00,DET,27,rb,8,1,10,7,70.0%,56,8.0,0,30,5.6,0.9,7.0,0
329,Kamar Aiken\AikeKa00,PHI,29,wr,5,1,7,6,85.7%,53,8.8,0,18,7.6,1.2,10.6,0
330,Tommy Bohanon\BohaTo00,JAX,28,fb,16,6,9,6,66.7%,41,6.8,0,12,4.6,0.4,2.6,0
331,Brice Butler\ButlBr00,2TM,28,,8,1,10,6,60.0%,60,10.0,1,23,6.0,0.8,7.5,0
332,Kenneth Dixon\DixoKe00,BAL,24,,6,0,7,6,85.7%,51,8.5,0,21,7.3,1.0,8.5,2
333,Russell Gage\GageRu00,ATL,22,,15,0,10,6,60.0%,63,10.5,0,22,6.3,0.4,4.2,0
334,Rashad Greene\GreeRa00,JAX,26,wr,8,1,8,6,75.0%,60,10.0,0,12,7.5,0.8,7.5,2
335,Xavier Grimble\GrimXa00,PIT,26,te,16,2,8,6,75.0%,86,14.3,0,23,10.8,0.4,5.4,1
336,David Grinnage\GrinDa00,JAX,24,te,4,2,8,6,75.0%,61,10.2,0,24,7.6,1.5,15.3,0
337,Dwayne Harris\HarrDw00,OAK,31,wr,15,1,6,6,100.0%,40,6.7,0,13,6.7,0.4,2.7,2
338,Marcus Johnson\JohnMa07,IND,24,,5,0,8,6,75.0%,102,17.0,1,34,12.8,1.2,20.4,0
339,Raheem Mostert\MostRa00,SFO,26,,9,0,7,6,85.7%,25,4.2,0,23,3.6,0.7,2.8,1
340,Durham Smythe\SmytDu00,MIA,23,te,15,2,11,6,54.5%,50,8.3,0,21,4.5,0.4,3.3,0
341,Neal Sterling\SterNe00,NYJ,26,te,5,4,8,6,75.0%,47,7.8,0,12,5.9,1.2,9.4,0
342,Darren Waller\WallDa01,OAK,26,,4,0,6,6,100.0%,75,12.5,0,44,12.5,1.5,18.8,0
343,Jay Ajayi\AjayJa00,PHI,25,rb,4,3,6,5,83.3%,20,4.0,0,12,3.3,1.3,5.0,1
344,C.J. Anderson\AndeC.00,2TM,27,,11,3,9,5,55.6%,41,8.2,1,24,4.6,0.5,3.7,0
345,Malcolm Brown\BrowMa03,LAR,25,,12,0,7,5,71.4%,52,10.4,1,18,7.4,0.4,4.3,0
346,Noah Brown\BrowNo00,DAL,22,wr,8,2,8,5,62.5%,54,10.8,0,22,6.8,0.6,6.8,0
347,Garrett Celek\CeleGa00,SFO,30,te,15,1,8,5,62.5%,90,18.0,2,41,11.3,0.3,6.0,0
348,Corey Coleman\ColeCo00,NYG,24,wr,8,1,8,5,62.5%,71,14.2,0,30,8.9,0.6,8.9,0
349,Tyler Conklin\ConkTy00,MIN,23,te,16,3,7,5,71.4%,77,15.4,0,33,11.0,0.3,4.8,0
350,Seth Devalve\DevaSe00,CLE,25,te,13,4,7,5,71.4%,74,14.8,1,26,10.6,0.4,5.7,0
351,Devonta Freeman\FreeDe00,ATL,26,rb,2,2,7,5,71.4%,23,4.6,0,14,3.3,2.5,11.5,0
352,Zach Line\LineZa01,NOR,28,fb,16,6,10,5,50.0%,14,2.8,2,5,1.4,0.3,0.9,0
353,Rishard Matthews\MattRi00,2TM,29,,8,0,9,5,55.6%,24,4.8,0,7,2.7,0.6,3.0,0
354,Ray-Ray McCloud\McClRa00,BUF,22,fb,10,1,6,5,83.3%,36,7.2,0,16,6.0,0.5,3.6,2
355,David Morgan\MorgDa01,MIN,25,te,11,6,6,5,83.3%,36,7.2,0,13,6.0,0.5,3.3,0
356,Brian Parker\ParkBr00,DEN,26,te,13,1,10,5,50.0%,33,6.6,0,11,3.3,0.4,2.5,0
357,Joshua Perkins\PerkJo02,PHI,25,te,9,1,11,5,45.5%,67,13.4,0,30,6.1,0.6,7.4,0
358,Eric Saubert\SaubEr00,ATL,24,te,16,1,9,5,55.6%,48,9.6,0,17,5.3,0.3,3.0,0
359,Adam Shaheen\ShahAd00,CHI,24,te,6,4,6,5,83.3%,48,9.6,1,23,8.0,0.8,8.0,0
360,Keith Smith\SmitKe03,OAK,26,fb,16,3,6,5,83.3%,23,4.6,0,8,3.8,0.3,1.4,0
361,Vyncint Smith\SmitVy00,HOU,22,wr,7,1,10,5,50.0%,91,18.2,1,35,9.1,0.7,13.0,0
362,Jeremy Sprinkle\SpriJe00,WAS,24,te/wr,16,9,9,5,55.6%,41,8.2,1,15,4.6,0.3,2.6,0
363,Mark Walton\WaltMa00,CIN,21,,14,0,8,5,62.5%,41,8.2,0,24,5.1,0.4,2.9,0
364,Chad Beebe\BeebCh00,MIN,24,,3,0,4,4,100.0%,39,9.8,0,18,9.8,1.3,13.0,0
365,Nick Bellore\BellNi01,DET,29,fb,14,4,4,4,100.0%,15,3.8,0,8,3.8,0.3,1.1,0
366,Jawill Davis\DaviJa07,NYG,23,,7,0,8,4,50.0%,40,10.0,0,22,5.0,0.6,5.7,0
367,Jacob Hollister\HollJa03,NWE,25,wr,8,1,5,4,80.0%,52,13.0,0,23,10.4,0.5,6.5,0
368,Tyler Kroft\KrofTy00,CIN,26,te,5,2,6,4,66.7%,36,9.0,0,16,6.0,0.8,7.2,0
369,Byron Marshall\MarsBy01,WAS,24,,6,0,6,4,66.7%,30,7.5,0,17,5.0,0.7,5.0,0
370,Roosevelt Nix\NixxRo01,PIT,26,,16,0,6,4,66.7%,38,9.5,0,19,6.3,0.3,2.4,0
371,Auden Tate\TateAu00,CIN,21,,7,0,12,4,33.3%,35,8.8,0,15,2.9,0.6,5.0,0
372,Robert Tonyan\TonyRo00,GNB,24,te,16,1,6,4,66.7%,77,19.3,1,54,12.8,0.3,4.8,0
373,Delanie Walker\WalkHu00,TEN,34,te,1,1,7,4,57.1%,52,13.0,0,16,7.4,4.0,52.0,0
374,Kevin White\WhitKe00,CHI,26,,9,0,8,4,50.0%,92,23.0,0,54,11.5,0.4,10.2,0
375,Jesus Wilson\WilsJe00,TAM,23,,5,0,5,4,80.0%,52,13.0,0,25,10.4,0.8,10.4,0
376,Javon Wims\WimsJa00,CHI,24,,4,0,5,4,80.0%,32,8.0,0,16,6.4,1.0,8.0,0
377,Ameer Abdullah\AbduAm00,2TM,25,,10,0,4,3,75.0%,28,9.3,0,12,7.0,0.3,2.8,1
378,Dwayne Allen\AlleDw00,NWE,28,te/wr,13,8,4,3,75.0%,27,9.0,0,21,6.8,0.2,2.1,0
379,Cameron Artis-Payne\ArtiCa00,CAR,28,,9,0,4,3,75.0%,15,5.0,0,13,3.8,0.3,1.7,0
380,Brandon Bolden\BoldBr00,MIA,28,,16,0,3,3,100.0%,13,4.3,1,9,4.3,0.2,0.8,1
381,Ben Braunecker\BrauBe00,CHI,24,te,15,2,5,3,60.0%,42,14.0,0,20,8.4,0.2,2.8,0
382,Orson Charles\CharOr00,CLE,27,te,13,2,5,3,60.0%,23,7.7,0,9,4.6,0.2,1.8,0
383,A.J. Derby\DerbA.00,MIA,27,,4,0,5,3,60.0%,48,16.0,1,19,9.6,0.8,12.0,0
384,Patrick DiMarco\DiMaPa00,BUF,29,fb,16,5,4,3,75.0%,62,20.7,0,38,15.5,0.2,3.9,0
385,Tyler Ervin\ErviTy00,HOU,25,,9,0,3,3,100.0%,35,11.7,0,19,11.7,0.3,3.9,1
386,Keith Ford\FordKe00,BUF,24,rb,2,1,5,3,60.0%,21,7.0,0,8,4.2,1.5,10.5,0
387,Rico Gathers\GathRi00,DAL,24,te,15,4,7,3,42.9%,45,15.0,0,32,6.4,0.2,3.0,0
388,Taysom Hill\HillTa00,NOR,28,te/wr,16,4,7,3,42.9%,4,1.3,0,5,0.6,0.2,0.3,1
389,Justin Hunter\HuntJu00,PIT,27,,5,0,13,3,23.1%,21,7.0,0,12,1.6,0.6,4.2,0
390,Matt Lengel\LengMa00,CIN,28,te,11,2,8,3,37.5%,17,5.7,1,9,2.1,0.3,1.5,0
391,Marcedes Lewis\LewiMa00,GNB,34,te,16,4,4,3,75.0%,39,13.0,0,30,9.8,0.2,2.4,0
392,Tommylee Lewis\LewiTo00,NOR,26,wr,7,3,3,3,100.0%,60,20.0,1,28,20.0,0.4,8.6,1
393,Ricky Ortiz\OrtiRi00,ATL,24,FB,12,9,4,3,75.0%,11,3.7,0,7,2.8,0.3,0.9,0
394,Samaje Perine\PeriSa00,WAS,23,,5,0,4,3,75.0%,5,1.7,0,8,1.3,0.6,1.0,0
395,John Phillips\PhilJo00,ARI,31,te,8,4,3,3,100.0%,38,12.7,0,24,12.7,0.4,4.8,0
396,C.J. Prosise\ProsC.00,SEA,24,,5,0,3,3,100.0%,22,7.3,0,8,7.3,0.6,4.4,0
397,Brian Quick\QuicBr00,WAS,29,wr,6,3,3,3,100.0%,18,6.0,0,6,6.0,0.5,3.0,0
398,Stevan Ridley\RidlSt00,PIT,29,,10,0,4,3,75.0%,18,6.0,0,10,4.5,0.3,1.8,2
399,De'Anthony Thomas\ThomDe05,KAN,25,,5,0,5,3,60.0%,29,9.7,1,15,5.8,0.6,5.8,1
400,Jalen Tolliver\TollJa00,ARI,23,wr,3,1,6,3,50.0%,37,12.3,0,15,6.2,1.0,12.3,0
401,Darrel Williams\WillDa10,KAN,23,,6,0,3,3,100.0%,27,9.0,1,11,9.0,0.5,4.5,0
402,Derrick Willies\WillDe06,CLE,24,,5,0,5,3,60.0%,61,20.3,0,39,12.2,0.6,12.2,1
403,Shaun Wilson\WilsSh01,TAM,23,,5,0,5,3,60.0%,5,1.7,0,5,1.0,0.6,1.0,0
404,Mike Boone\BoonMi00,MIN,23,,8,0,3,2,66.7%,1,0.5,0,1,0.3,0.3,0.1,0
405,Leonte Carroo\CarrLe00,MIA,24,,9,0,4,2,50.0%,94,47.0,1,74,23.5,0.2,10.4,0
406,Jamaal Charles\CharJa00,JAX,32,,2,0,3,2,66.7%,7,3.5,0,5,2.3,1.0,3.5,0
407,Derrick Coleman\ColeDe00,ARI,28,fb,16,4,3,2,66.7%,17,8.5,0,12,5.7,0.1,1.1,0
408,Alan Cross\CrosAl00,TAM,25,te,14,3,5,2,40.0%,9,4.5,0,6,1.8,0.1,0.6,0
409,Ross Dwelley\DwelRo00,SFO,23,,11,0,2,2,100.0%,14,7.0,0,8,7.0,0.2,1.3,0
410,Gus Edwards\EdwaGu00,BAL,23,rb,11,6,2,2,100.0%,20,10.0,0,13,10.0,0.2,1.8,0
411,D'Onta Foreman\ForeDO00,HOU,22,,1,0,2,2,100.0%,28,14.0,1,20,14.0,2.0,28.0,1
412,Jordan Franks\FranJo03,CIN,22,,6,0,3,2,66.7%,37,18.5,0,32,12.3,0.3,6.2,0
413,KhaDarel Hodge\HodgKh00,LAR,23,,14,0,3,2,66.7%,17,8.5,0,14,5.7,0.1,1.2,0
414,John Kelly\KellJo00,LAR,22,,4,0,3,2,66.7%,27,13.5,0,18,9.0,0.5,6.8,0
415,Jeremy Kerley\KerlJe00,BUF,30,wr,1,1,4,2,50.0%,7,3.5,0,4,1.8,2.0,7.0,0
416,Tre Madden\MaddTr01,SEA,25,fb,14,3,3,2,66.7%,35,17.5,0,28,11.7,0.1,2.5,0
417,Chris Manhertz\ManhCh00,CAR,26,te,16,4,5,2,40.0%,52,26.0,1,50,10.4,0.1,3.3,0
418,J'Mon Moore\MoorJM00,GNB,23,,12,0,3,2,66.7%,15,7.5,0,10,5.0,0.2,1.3,1
419,Detrez Newsome\NewsDe00,LAC,24,,9,0,2,2,100.0%,19,9.5,0,11,9.5,0.2,2.1,0
420,Jamize Olawale\OlawJa00,DAL,29,fb/rb/wr,16,4,4,2,50.0%,13,6.5,0,10,3.3,0.1,0.8,0
421,Charone Peake\PeakCh00,NYJ,26,,13,0,3,2,66.7%,25,12.5,0,14,8.3,0.2,1.9,0
422,Dion Sims\SimsDi00,CHI,27,te,8,4,4,2,50.0%,9,4.5,0,9,2.3,0.3,1.1,0
423,Roc Thomas\ThomRo05,MIN,23,,5,0,4,2,50.0%,21,10.5,0,15,5.3,0.4,4.2,0
424,De'Lance Turner\TurnDe01,BAL,23,,4,0,2,2,100.0%,17,8.5,0,10,8.5,0.5,4.3,0
425,Malik Turner\TurnMa00,SEA,22,,6,0,3,2,66.7%,20,10.0,0,19,6.7,0.3,3.3,0
426,Hakeem Valles\VallHa00,DET,26,,3,0,3,2,66.7%,11,5.5,0,6,3.7,0.7,3.7,0
427,Joe Webb\WebbJo00,HOU,32,,16,0,3,2,66.7%,13,6.5,0,7,4.3,0.1,0.8,0
428,Charcandrick West\WestCh01,KAN,27,,3,0,3,2,66.7%,37,18.5,1,25,12.3,0.7,12.3,0
429,Nick Williams\WillNi02,2TM,28,,4,0,5,2,40.0%,17,8.5,0,11,3.4,0.5,4.3,0
430,Terrance Williams\WillTe01,DAL,29,wr,3,2,3,2,66.7%,18,9.0,0,12,6.0,0.7,6.0,0
431,Alex Armah\ArmaAl00,CAR,24,fb/wr,16,2,1,1,100.0%,5,5.0,0,5,5.0,0.1,0.3,0
432,Kenjon Barner\BarnKe00,2TM,28,,9,0,1,1,100.0%,3,3.0,0,3,3.0,0.1,0.3,1
433,Victor Bolden\BoldVi00,2TM,23,,6,0,4,1,25.0%,10,10.0,0,10,2.5,0.2,1.7,0
434,Tom Brady*\BradTo00,NWE,41,QB,16,16,1,1,100.0%,6,6.0,0,6,6.0,0.1,0.4,4
435,Drew Brees*\BreeDr00,NOR,39,QB,15,15,1,1,100.0%,1,1.0,0,1,1.0,0.1,0.1,5
436,Michael Burton\BurtMi00,CHI,26,fb,8,1,1,1,100.0%,6,6.0,0,6,6.0,0.1,0.8,0
437,Damiere Byrd\ByrdDa00,CAR,25,,8,0,2,1,50.0%,8,8.0,0,8,4.0,0.1,1.0,0
438,Travaris Cadet\CadeTr00,CAR,29,,1,0,1,1,100.0%,5,5.0,0,5,5.0,1.0,5.0,0
439,Derek Carr\CarrDe02,OAK,27,QB,16,16,1,1,100.0%,-9,-9.0,0,-9,-9.0,0.1,-0.6,12
440,Jehu Chesson\ChesJe00,WAS,25,,12,0,2,1,50.0%,7,7.0,0,7,3.5,0.1,0.6,0
441,Sammie Coates\CoatSa00,HOU,25,,12,0,2,1,50.0%,12,12.0,0,12,6.0,0.1,1.0,0
442,Kirk Cousins\CousKi00,MIN,30,QB,16,16,1,1,100.0%,-1,-1.0,0,-1,-1.0,0.1,-0.1,9
443,River Cracraft\CracRi00,DEN,24,,8,0,2,1,50.0%,44,44.0,0,44,22.0,0.1,5.5,1
444,Dane Cruikshank\CruiDa00,TEN,23,,12,0,1,1,100.0%,66,66.0,1,66,66.0,0.1,5.5,0
445,Sean Culkin\CulkSe00,LAC,25,TE,13,10,1,1,100.0%,24,24.0,0,24,24.0,0.1,1.8,0
446,Benny Cunningham\CunnBe01,CHI,28,,15,0,2,1,50.0%,9,9.0,0,9,4.5,0.1,0.6,0
447,Chase Daniel\DaniCh00,CHI,32,qb,5,2,1,1,100.0%,8,8.0,0,8,8.0,0.2,1.6,4
448,Dion Dawkins\DawkDi00,BUF,24,T,16,16,1,1,100.0%,7,7.0,1,7,7.0,0.1,0.4,0
449,Taylor Decker\DeckTa00,DET,25,T,16,16,1,1,100.0%,11,11.0,1,11,11.0,0.1,0.7,0
450,Gehrig Dieter\DietGe00,KAN,25,,4,0,3,1,33.3%,22,22.0,0,22,7.3,0.3,5.5,0
451,George Fant\FantGe00,SEA,26,t/te,16,7,1,1,100.0%,9,9.0,0,9,9.0,0.1,0.6,0
452,Matt Flanagan\FlanMa00,WAS,23,wr,3,1,1,1,100.0%,14,14.0,0,14,14.0,0.3,4.7,0
453,Nick Foles\FoleNi00,PHI,29,qb,5,5,1,1,100.0%,10,10.0,0,15,10.0,0.2,2.0,4
454,Shelton Gibson\GibsSh00,PHI,23,,15,0,3,1,33.3%,48,48.0,0,48,16.0,0.1,3.2,0
455,Mike Gillislee\GillMi00,NOR,28,,4,0,1,1,100.0%,9,9.0,0,9,9.0,0.3,2.3,1
456,Justin Hardee\HardJu01,NOR,24,,16,0,1,1,100.0%,10,10.0,0,10,10.0,0.1,0.6,0
457,Keon Hatcher\HatcKe00,OAK,24,,3,0,2,1,50.0%,8,8.0,0,8,4.0,0.3,2.7,0
458,Ryan Hewitt\HewiRy00,IND,27,te/wr,12,2,2,1,50.0%,1,1.0,1,1,0.5,0.1,0.1,0
459,Darrius Heyward-Bey\HeywDa00,PIT,31,wr,14,2,2,1,50.0%,9,9.0,0,9,4.5,0.1,0.6,0
460,Brian Hill\HillBr02,ATL,23,,10,0,2,1,50.0%,9,9.0,0,9,4.5,0.1,0.9,1
461,Jeremy Hill\HillJe01,NWE,26,,1,0,1,1,100.0%,6,6.0,0,6,6.0,1.0,6.0,0
462,JJ Jones\JoneJJ00,2TM,26,,4,0,1,1,100.0%,3,3.0,0,3,3.0,0.3,0.8,2
463,Ryan Kelly\KellRy00,IND,25,C,12,12,1,1,100.0%,-4,-4.0,0,-4,-4.0,0.1,-0.3,1
464,Marcus Kemp\KempMa00,KAN,23,,16,0,2,1,50.0%,7,7.0,0,7,3.5,0.1,0.4,0
465,Darvin Kidsy\KidsDa00,WAS,23,,2,0,2,1,50.0%,8,8.0,0,8,4.0,0.5,4.0,0
466,Allen Lazard\LazaAl00,GNB,23,,1,0,1,1,100.0%,7,7.0,0,7,7.0,1.0,7.0,0
467,Khari Lee\LeexKh00,BUF,26,,2,0,1,1,100.0%,5,5.0,0,5,5.0,0.5,2.5,0
468,Andrew Luck*\LuckAn00,IND,29,QB,16,16,2,1,50.0%,4,4.0,0,4,2.0,0.1,0.3,6
469,Josh Malone\MaloJo00,CIN,22,,9,0,5,1,20.0%,12,12.0,0,12,2.4,0.1,1.3,0
470,Marcus Mariota\MariMa01,TEN,25,QB,14,13,1,1,100.0%,21,21.0,0,21,21.0,0.1,1.5,9
471,Johnny Mundt\MundJo00,LAR,24,,10,0,1,1,100.0%,5,5.0,0,5,5.0,0.1,0.5,0
472,Cam Phillips\PhilCa01,BUF,23,,2,0,1,1,100.0%,9,9.0,0,9,9.0,0.5,4.5,0
473,Spencer Pulley\PullSp00,NYG,25,C,13,9,1,1,100.0%,-2,-2.0,0,-2,-2.0,0.1,-0.2,0
474,Richard Rodgers\RodgRi00,PHI,26,,7,0,1,1,100.0%,7,7.0,0,7,7.0,0.1,1.0,0
475,Ben Roethlisberger\RoetBe00,PIT,36,QB,16,16,1,1,100.0%,-1,-1.0,0,-1,-1.0,0.1,-0.1,7
476,Matt Ryan\RyanMa00,ATL,33,QB,16,16,1,1,100.0%,5,5.0,1,5,5.0,0.1,0.3,10
477,Matt Schaub\SchaMa00,ATL,37,,3,0,1,1,100.0%,-7,-7.0,0,-7,-7.0,0.3,-2.3,1
478,Sam Shields\ShieSa00,LAR,31,cb/rcb,16,2,1,1,100.0%,12,12.0,0,12,12.0,0.1,0.8,0
479,Bradley Sowell\SoweBr00,CHI,29,fb,16,1,2,1,50.0%,2,2.0,1,2,1.0,0.1,0.1,0
480,Joe Staley\StalJo20,SFO,34,T,16,16,1,1,100.0%,-5,-5.0,0,-5,-5.0,0.1,-0.3,0
481,Tyrone Swoopes\SwooTy00,SEA,24,te,1,1,1,1,100.0%,23,23.0,0,23,23.0,1.0,23.0,0
482,Ryan Tannehill\TannRy00,MIA,30,QB,11,11,1,1,100.0%,3,3.0,1,3,3.0,0.1,0.3,5
483,Robert Turbin\TurbRo00,IND,29,,2,0,2,1,50.0%,3,3.0,0,3,1.5,0.5,1.5,1
484,Alejandro Villanueva*\VillAl00,PIT,30,T,16,16,1,1,100.0%,2,2.0,1,2,2.0,0.1,0.1,0
485,Danny Vitale\VitaDa00,GNB,25,,5,0,2,1,50.0%,2,2.0,0,2,1.0,0.2,0.4,0
486,DeAndre Washington\WashDe00,OAK,25,,10,0,1,1,100.0%,9,9.0,0,9,9.0,0.1,0.9,1
487,Justin Watson\WatsJu01,TAM,23,,12,0,3,1,33.3%,5,5.0,0,5,1.7,0.1,0.4,0
488,Derek Watt\WattDe00,LAC,26,fb,16,5,1,1,100.0%,2,2.0,0,2,2.0,0.1,0.1,0
489,Carson Wentz\WentCa00,PHI,26,QB,11,11,1,1,100.0%,4,4.0,0,4,4.0,0.1,0.4,9
490,Tim White\WhitTi00,BAL,24,,3,0,1,1,100.0%,14,14.0,0,14,14.0,0.3,4.7,1
491,Jonathan Williams\WillJo07,NOR,24,,3,0,1,1,100.0%,1,1.0,0,1,1.0,0.3,0.3,0
492,Kyle Williams*\WillKy20,BUF,35,dt/LDT/rdt,16,16,1,1,100.0%,9,9.0,0,9,9.0,0.1,0.6,0
493,Russell Wilson*\WilsRu00,SEA,30,QB,16,16,1,1,100.0%,-11,-11.0,0,-11,-11.0,0.1,-0.7,10
494,Brandon Zylstra\ZylsBr00,MIN,25,,16,0,2,1,50.0%,23,23.0,0,23,11.5,0.1,1.4,0