Rk,Player,Year,Age,Draft,Tm,Lg,G,GS,Yrs,PB,AP1,AV
1,Lamar Jackson\JackLa00,2019,22,1-32,BAL,NFL,15,15,1,1,1,25
2,Stephon Gilmore\GilmSt00,2019,29,1-10,NWE,NFL,16,16,1,1,1,21
3,Marcus Peters\PeteMa00,2019,26,1-18,2TM,NFL,16,15,1,1,1,21
4,Minkah Fitzpatrick\FitzMi00,2019,23,1-11,2TM,NFL,16,16,1,1,1,19
5,Ronnie Stanley\StanRo00,2019,25,1-6,BAL,NFL,14,14,1,1,1,18
6,Michael Thomas\ThomMi05,2019,26,2-47,NOR,NFL,16,15,1,1,1,18
7,Tre'Davious White\WhitTr01,2019,24,1-27,BUF,NFL,15,15,1,1,1,18
8,Cameron Heyward\HeywCa01,2019,30,1-31,PIT,NFL,16,16,1,1,1,17
9,Dont'a Hightower\HighDo01,2019,29,1-25,NWE,NFL,15,15,1,1,0,17
10,Patrick Mahomes\MahoPa00,2019,24,1-10,KAN,NFL,14,14,1,1,0,17
11,Dak Prescott\PresDa01,2019,26,4-135,DAL,NFL,16,16,1,0,0,16
12,Ryan Ramczyk\RamcRy00,2019,25,1-32,NOR,NFL,16,16,1,0,1,16
13,Mitchell Schwartz\SchwMi00,2019,30,2-37,KAN,NFL,16,16,1,0,0,16
14,Deshaun Watson\WatsDe00,2019,24,1-12,HOU,NFL,15,15,1,1,0,16
15,DeForest Buckner\BuckDe00,2019,25,1-7,SFO,NFL,16,16,1,0,0,15
16,Jamie Collins\CollJa00,2019,30,2-52,NWE,NFL,16,15,1,0,0,15
17,Jimmy Garoppolo\GaroJi00,2019,28,2-62,SFO,NFL,16,16,1,0,0,15
18,Zack Martin\MartZa00,2019,29,1-16,DAL,NFL,16,16,1,1,1,15
19,Christian McCaffrey\McCaCh01,2019,23,1-8,CAR,NFL,16,16,1,1,1,15
20,Russell Wilson\WilsRu00,2019,31,3-75,SEA,NFL,16,16,1,1,0,15
21,Jameis Winston\WinsJa00,2019,25,1-1,TAM,NFL,16,16,1,0,0,15
22,David Bakhtiari\BakhDa00,2019,28,4-109,GNB,NFL,16,16,1,1,0,14
23,Orlando Brown\BrowOr00,2019,23,3-83,BAL,NFL,16,16,1,1,0,14
24,Dalvin Cook\CookDa01,2019,24,2-41,MIN,NFL,14,14,1,1,0,14
25,Kirk Cousins\CousKi00,2019,31,4-102,MIN,NFL,15,15,1,1,0,14
26,Demario Davis\DaviDe00,2019,30,3-77,NOR,NFL,16,16,1,0,1,14
27,Aaron Donald\DonaAa00,2019,28,1-13,LAR,NFL,16,16,1,1,1,14
28,Tremaine Edmunds\EdmuTr01,2019,21,1-16,BUF,NFL,16,16,1,1,0,14
29,Lawrence Guy\GuyxLa00,2019,29,7-233,NWE,NFL,16,16,1,0,0,14
30,Eric Kendricks\KendEr00,2019,27,2-45,MIN,NFL,15,15,1,1,1,14
31,Kyler Murray\MurrKy00,2019,22,1-1,ARI,NFL,16,16,1,0,0,14
32,Quenton Nelson\NelsQu00,2019,23,1-6,IND,NFL,16,16,1,1,1,14
33,Aaron Rodgers\RodgAa00,2019,36,1-24,GNB,NFL,16,16,1,1,0,14
34,Bobby Wagner\WagnBo00,2019,29,2-47,SEA,NFL,16,16,1,1,1,14
35,T.J. Watt\WattT.00,2019,25,1-30,PIT,NFL,16,16,1,1,1,14
36,Marshal Yanda\YandMa20,2019,35,3-86,BAL,NFL,15,15,1,1,0,14
37,Jamal Adams\AdamJa00,2019,24,1-6,NYJ,NFL,14,14,1,1,1,13
38,Marlon Humphrey\HumpMa00,2019,23,1-16,BAL,NFL,16,15,1,1,1,13
39,Cameron Jordan\JordCa00,2019,30,1-24,NOR,NFL,16,16,1,1,0,13
40,Jason Kelce\KelcJa00,2019,32,6-191,PHI,NFL,16,16,1,1,1,13
41,Travis Kelce\KelcTr00,2019,30,3-63,KAN,NFL,16,16,1,1,0,13
42,Philip Rivers\RivePh00,2019,38,1-4,LAC,NFL,16,16,1,0,0,13
43,Matt Ryan\RyanMa00,2019,34,1-3,ATL,NFL,15,15,1,0,0,13
44,Kyle Van Noy\VanNKy00,2019,28,2-40,NWE,NFL,15,15,1,0,0,13
45,Mark Andrews\AndrMa00,2019,23,3-86,BAL,NFL,15,4,1,1,0,12
46,Shaquil Barrett\BarrSh00,2019,27,,TAM,NFL,16,16,1,1,0,12
47,Nick Chubb\ChubNi00,2019,24,2-35,CLE,NFL,16,16,1,1,0,12
48,Kenny Clark\ClarKe01,2019,24,1-27,GNB,NFL,16,16,1,1,0,12
49,Stefon Diggs\DiggSt00,2019,26,5-146,MIN,NFL,15,15,1,0,0,12
50,Ezekiel Elliott\ElliEz00,2019,24,1-4,DAL,NFL,16,16,1,1,0,12
51,Jared Goff\GoffJa00,2019,25,1-1,LAR,NFL,16,16,1,0,0,12
52,Derrick Henry\HenrDe00,2019,25,2-45,TEN,NFL,15,15,1,1,0,12
53,Danielle Hunter\HuntDa01,2019,25,3-88,MIN,NFL,16,16,1,1,0,12
54,Mark Ingram\IngrMa01,2019,30,1-28,BAL,NFL,15,15,1,1,0,12
55,Grady Jarrett\JarrGr00,2019,26,5-137,ATL,NFL,16,16,1,1,0,12
56,Aaron Jones\JoneAa00,2019,25,5-182,GNB,NFL,16,16,1,0,0,12
57,Chandler Jones\JoneCh03,2019,29,1-21,ARI,NFL,16,16,1,1,1,12
58,Matt Judon\JudoMa00,2019,27,5-146,BAL,NFL,16,16,1,1,0,12
59,Alvin Kamara\KamaAl00,2019,24,3-67,NOR,NFL,14,9,1,1,0,12
60,Darius Leonard\LeonDa00,2019,24,2-36,IND,NFL,13,13,1,1,0,12
61,Trent Murphy\MurpTr00,2019,29,2-47,BUF,NFL,16,16,1,0,0,12
62,Danny Shelton\ShelDa01,2019,26,1-12,NWE,NFL,16,14,1,0,0,12
63,Richard Sherman\SherRi00,2019,31,5-154,SFO,NFL,15,15,1,1,0,12
64,Justin Simmons\SimmJu00,2019,26,3-98,DEN,NFL,16,16,1,0,0,12
65,Za'Darius Smith\SmitZa00,2019,27,4-122,GNB,NFL,16,16,1,1,0,12
66,Joe Thuney\ThunJo00,2019,27,3-78,NWE,NFL,16,16,1,0,0,12
67,Carson Wentz\WentCa00,2019,27,1-2,PHI,NFL,16,16,1,0,0,12
68,Josh Allen\AlleJo02,2019,23,1-7,BUF,NFL,16,16,1,0,0,11
69,Joey Bosa\BosaJo00,2019,24,1-3,LAC,NFL,16,16,1,1,0,11
70,Nick Bosa\BosaNi00,2019,22,1-2,SFO,NFL,16,14,1,1,0,11
71,Tom Brady\BradTo00,2019,42,6-199,NWE,NFL,16,16,1,0,0,11
72,Drew Brees\BreeDr00,2019,40,2-32,NOR,NFL,11,11,1,1,0,11
73,Jacoby Brissett\BrisJa00,2019,27,3-91,IND,NFL,15,15,1,0,0,11
74,Derek Carr\CarrDe02,2019,28,2-36,OAK,NFL,16,16,1,0,0,11
75,Jurrell Casey\CaseJu00,2019,30,3-77,TEN,NFL,14,14,1,1,0,11
76,Fletcher Cox\CoxxFl00,2019,29,1-12,PHI,NFL,16,16,1,1,0,11
77,Austin Ekeler\EkelAu00,2019,24,,LAC,NFL,16,8,1,0,0,11
78,Joe Haden\HadeJo99,2019,30,1-7,PIT,NFL,16,16,1,1,0,11
79,DeAndre Hopkins\HopkDe00,2019,27,1-27,HOU,NFL,15,15,1,1,1,11
80,Julio Jones\JoneJu02,2019,30,1-6,ATL,NFL,15,15,1,1,0,11
81,George Kittle\KittGe00,2019,26,5-146,SFO,NFL,14,14,1,1,1,11
82,Luke Kuechly\KuecLu00,2019,28,1-9,CAR,NFL,16,16,1,1,0,11
83,Khalil Mack\MackKh00,2019,28,1-5,CHI,NFL,16,16,1,1,0,11
84,Baker Mayfield\MayfBa00,2019,24,1-1,CLE,NFL,16,16,1,0,0,11
85,Matt Milano\MilaMa00,2019,25,5-163,BUF,NFL,15,15,1,0,0,11
86,Von Miller\MillVo00,2019,30,1-2,DEN,NFL,15,15,1,1,0,11
87,John Simon\SimoJo01,2019,29,4-129,NWE,NFL,16,12,1,0,0,11
88,Jaylon Smith\SmitJa05,2019,24,2-34,DAL,NFL,16,16,1,1,0,11
89,Ryan Tannehill\TannRy00,2019,31,1-8,TEN,NFL,12,10,1,1,0,11
90,Laremy Tunsil\TunsLa00,2019,25,1-13,HOU,NFL,14,14,1,1,0,11
91,Keenan Allen\AlleKe00,2019,27,3-76,LAC,NFL,16,16,1,1,0,10
92,Terron Armstead\ArmsTe00,2019,28,3-75,NOR,NFL,15,15,1,1,0,10
93,Joel Bitonio\BitoJo00,2019,28,2-35,CLE,NFL,16,16,1,1,0,10
94,A.J. Brown\BrowAJ00,2019,22,2-51,TEN,NFL,16,11,1,0,0,10
95,Calais Campbell\CampCa99,2019,33,2-50,JAX,NFL,16,16,1,1,0,10
96,Chris Carson\CarsCh00,2019,25,7-249,SEA,NFL,15,15,1,0,0,10
97,Amari Cooper\CoopAm00,2019,25,1-4,DAL,NFL,16,16,1,1,0,10
98,Julian Edelman\EdelJu00,2019,33,7-232,NWE,NFL,16,13,1,0,0,10
99,Ryan Fitzpatrick\FitzRy00,2019,37,7-250,MIA,NFL,15,13,1,0,0,10
100,Leonard Fournette\FourLe00,2019,24,1-4,JAX,NFL,15,15,1,0,0,10
101,Travis Frederick\FredTr00,2019,28,1-31,DAL,NFL,16,16,1,1,0,10
102,Kyle Fuller\FullKy00,2019,27,1-14,CHI,NFL,16,16,1,1,0,10
103,Chris Godwin\GodwCh00,2019,23,3-84,TAM,NFL,14,14,1,1,0,10
104,Everson Griffen\GrifEv99,2019,32,4-100,MIN,NFL,15,15,1,1,0,10
105,Rodney Hudson\HudsRo00,2019,30,2-55,OAK,NFL,15,15,1,1,0,10
106,Jerry Hughes\HughJe99,2019,31,1-31,BUF,NFL,16,16,1,0,0,10
107,Melvin Ingram\IngrMe00,2019,30,1-18,LAC,NFL,13,13,1,1,0,10
108,Eddie Jackson\JackEd01,2019,27,4-112,CHI,NFL,16,16,1,1,0,10
109,Jarvis Landry\LandJa00,2019,27,2-63,CLE,NFL,16,16,1,1,0,10
110,Star Lotulelei\LotuSt00,2019,30,1-14,BUF,NFL,16,16,1,0,0,10
111,Blake Martinez\MartBl01,2019,25,4-131,GNB,NFL,16,16,1,0,0,10
112,Tyrann Mathieu\MathTy00,2019,27,3-69,KAN,NFL,16,16,1,0,1,10
113,Gardner Minshew\MinsGa00,2019,23,6-178,JAX,NFL,14,12,1,0,0,10
114,Tyron Smith\SmitTy00,2019,29,1-9,DAL,NFL,13,13,1,1,0,10
115,Davante Adams\AdamDa01,2019,27,2-53,GNB,NFL,12,12,1,1,0,9
116,Arik Armstead\ArmsAr01,2019,26,1-17,SFO,NFL,16,16,1,0,0,9
117,Geno Atkins\AtkiGe99,2019,31,4-120,CIN,NFL,16,14,1,1,0,9
118,Saquon Barkley\BarkSa00,2019,22,1-2,NYG,NFL,13,13,1,0,0,9
119,Odell Beckham\BeckOd00,2019,27,1-12,CLE,NFL,16,15,1,0,0,9
120,Bradley Bozeman\BozeBr00,2019,25,6-215,BAL,NFL,16,16,1,0,0,9
121,Brandon Brooks\BrooBr00,2019,30,3-76,PHI,NFL,16,16,1,1,0,9
122,John Brown\BrowJo02,2019,29,3-91,BUF,NFL,15,15,1,0,0,9
123,Bryan Bulaga\BulaBr20,2019,30,1-23,GNB,NFL,16,16,1,0,0,9
124,Devin Bush\BushDe01,2019,21,1-10,PIT,NFL,16,15,1,0,0,9
125,Anthony Castonzo\CastAn00,2019,31,1-22,IND,NFL,16,16,1,0,0,9
126,Frank Clark\ClarFr01,2019,26,2-63,KAN,NFL,14,11,1,1,0,9
127,La'el Collins\CollLa01,2019,26,,DAL,NFL,15,15,1,0,0,9
128,Jack Conklin\ConkJa00,2019,25,1-8,TEN,NFL,16,16,1,0,0,9
129,Demar Dotson\DotsDe00,2019,34,,TAM,NFL,15,15,1,0,0,9
130,Bud Dupree\DuprAl00,2019,26,1-22,PIT,NFL,16,16,1,0,0,9
131,Mike Evans\EvanMi00,2019,26,1-7,TAM,NFL,13,13,1,1,0,9
132,Rashaan Evans\EvanRa01,2019,24,1-22,TEN,NFL,16,16,1,0,0,9
133,Michael Gallup\GallMi00,2019,23,3-81,DAL,NFL,14,12,1,0,0,9
134,Kenny Golladay\GollKe00,2019,26,3-96,DET,NFL,16,16,1,1,0,9
135,Brandon Graham\GrahBr99,2019,31,1-13,PHI,NFL,16,16,1,0,0,9
136,Shelby Harris\HarrSh00,2019,28,7-235,DEN,NFL,16,16,1,0,0,9
137,Tyreek Hill\HillTy00,2019,25,5-165,KAN,NFL,12,12,1,1,0,9
138,D.J. Humphries\HumpD.00,2019,26,1-24,ARI,NFL,16,16,1,0,0,9
139,Germain Ifedi\IfedGe00,2019,25,1-31,SEA,NFL,16,16,1,0,0,9
140,Chris Jones\JoneCh09,2019,25,2-37,KAN,NFL,13,12,1,1,0,9
141,Daniel Jones\JoneDa05,2019,22,1-6,NYG,NFL,13,12,1,0,0,9
142,Ryan Kelly\KellRy00,2019,26,1-18,IND,NFL,16,16,1,1,0,9
143,Cooper Kupp\KuppCo00,2019,26,3-69,LAR,NFL,16,14,1,0,0,9
144,Harold Landry\LandHa00,2019,23,2-41,TEN,NFL,16,16,1,0,0,9
145,DeMarcus Lawrence\LawrDe00,2019,27,2-34,DAL,NFL,16,16,1,0,0,9
146,Tyler Lockett\LockTy00,2019,27,3-69,SEA,NFL,16,16,1,0,0,9
147,Dean Lowry\LowrDe00,2019,25,4-137,GNB,NFL,16,16,1,0,0,9
148,Jake Matthews\MattJa00,2019,27,1-6,ATL,NFL,16,16,1,0,0,9
149,Devin McCourty\McCoDe99,2019,32,1-27,NWE,NFL,16,16,1,0,0,9
150,Kaleb McGary\McGaKa00,2019,24,1-31,ATL,NFL,16,16,1,0,0,9
151,Steve McLendon\McLeSt00,2019,33,,NYJ,NFL,16,16,1,0,0,9
152,Brian O'Neill\ONeiBr00,2019,24,2-62,MIN,NFL,15,15,1,0,0,9
153,DeVante Parker\ParkDe01,2019,26,1-14,MIA,NFL,16,14,1,0,0,9
154,Justin Pugh\PughJu00,2019,29,1-19,ARI,NFL,16,16,1,0,0,9
155,Riley Reiff\ReifRi00,2019,31,1-23,MIN,NFL,15,15,1,0,0,9
156,Allen Robinson\RobiAl02,2019,26,2-61,CHI,NFL,16,15,1,0,0,9
157,Deebo Samuel\SamuDe00,2019,23,2-36,SFO,NFL,15,11,1,0,0,9
158,Miles Sanders\SandMi01,2019,22,2-53,PHI,NFL,16,11,1,0,0,9
159,Joe Schobert\SchoJo00,2019,26,4-99,CLE,NFL,16,16,1,0,0,9
160,A.Q. Shipley\ShipA.20,2019,33,7-226,ARI,NFL,16,16,1,0,0,9
161,Donovan Smith\SmitDo02,2019,26,2-34,TAM,NFL,15,15,1,0,0,9
162,Preston Smith\SmitPr00,2019,27,2-38,GNB,NFL,16,16,1,0,0,9
163,Nate Solder\SoldNa00,2019,31,1-17,NYG,NFL,16,16,1,0,0,9
164,Courtland Sutton\SuttCo00,2019,24,2-40,DEN,NFL,16,14,1,1,0,9
165,J.R. Sweezy\SweeJ.00,2019,30,7-225,ARI,NFL,16,16,1,0,0,9
166,Laken Tomlinson\TomlLa01,2019,27,1-28,SFO,NFL,16,16,1,0,0,9
167,Fred Warner\WarnFr00,2019,23,3-70,SFO,NFL,16,16,1,0,0,9
168,Andrew Whitworth\WhitAn20,2019,38,2-55,LAR,NFL,16,16,1,0,0,9
169,Robert Woods\WoodRo02,2019,27,2-41,LAR,NFL,15,15,1,0,0,9
170,Garett Bolles\BollGa00,2019,27,1-20,DEN,NFL,16,16,1,0,0,8
171,Garrett Bradbury\BradGa00,2019,24,1-18,MIN,NFL,16,16,1,0,0,8
172,Jayon Brown\BrowJa06,2019,24,5-155,TEN,NFL,14,14,1,0,0,8
173,Marquise Brown\BrowMa04,2019,22,1-25,BAL,NFL,14,11,1,0,0,8
174,De'Vondre Campbell\CampDe00,2019,26,4-115,ATL,NFL,16,15,1,0,0,8
175,Ha Ha Clinton-Dix\ClinHa00,2019,27,1-21,CHI,NFL,16,16,1,0,0,8
176,Maliek Collins\CollMa00,2019,24,3-67,DAL,NFL,16,16,1,0,0,8
177,Zach Cunningham\CunnZa00,2019,25,2-57,HOU,NFL,16,16,1,0,0,8
178,Lavonte David\DaviLa00,2019,29,2-58,TAM,NFL,16,16,1,0,0,8
179,Todd Davis\DaviTo01,2019,27,,DEN,NFL,14,14,1,0,0,8
180,Dion Dawkins\DawkDi00,2019,25,2-63,BUF,NFL,16,16,1,0,0,8
181,Taylor Decker\DeckTa00,2019,26,1-16,DET,NFL,15,15,1,0,0,8
182,Kenyan Drake\DrakKe00,2019,25,3-73,2TM,NFL,14,10,1,0,0,8
183,Pat Elflein\ElflPa00,2019,25,3-70,MIN,NFL,15,15,1,0,0,8
184,Dan Feeney\FeenDa00,2019,25,3-71,LAC,NFL,16,16,1,0,0,8
185,Leonard Floyd\FloyLe00,2019,27,1-9,CHI,NFL,16,16,1,0,0,8
186,Nathan Gerry\GerrNa00,2019,24,5-184,PHI,NFL,16,12,1,0,0,8
187,Markus Golden\GoldMa00,2019,28,2-58,NYG,NFL,16,16,1,0,0,8
188,Shaquill Griffin\GrifSh00,2019,24,3-90,SEA,NFL,14,14,1,1,0,8
189,Justin Houston\HousJu00,2019,30,3-70,IND,NFL,16,16,1,0,0,8
190,Sam Hubbard\HubbSa00,2019,24,3-77,CIN,NFL,15,15,1,0,0,8
191,Carlos Hyde\HydeCa00,2019,29,2-57,HOU,NFL,16,14,1,0,0,8
192,Micah Hyde\HydeMi00,2019,29,5-159,BUF,NFL,16,16,1,0,0,8
193,Josh Jacobs\JacoJo01,2019,21,1-24,OAK,NFL,13,13,1,0,0,8
194,Ryan Jensen\JensRy00,2019,28,6-203,TAM,NFL,16,16,1,0,0,8
195,Lane Johnson\JohnLa01,2019,29,1-4,PHI,NFL,12,12,1,1,0,8
196,DaQuan Jones\JoneDa04,2019,28,4-112,TEN,NFL,16,16,1,0,0,8
197,Deion Jones\JoneDe01,2019,25,2-52,ATL,NFL,16,16,1,0,0,8
198,Devon Kennard\KennDe00,2019,28,5-174,DET,NFL,16,15,1,0,0,8
199,Phillip Lindsay\LindPh00,2019,25,,DEN,NFL,16,16,1,0,0,8
200,Cory Littleton\LittCo01,2019,26,,LAR,NFL,16,16,1,0,0,8
201,Alex Mack\MackAl20,2019,34,1-21,ATL,NFL,16,16,1,0,0,8
202,Marlon Mack\MackMa00,2019,23,4-143,IND,NFL,14,12,1,0,0,8
203,Ali Marpet\MarpAl00,2019,26,2-61,TAM,NFL,16,16,1,0,0,8
204,Nick Martin\MartNi00,2019,26,2-50,HOU,NFL,16,16,1,0,0,8
205,Mike McGlinchey\McGlMi00,2019,25,1-9,SFO,NFL,12,12,1,0,0,8
206,D.K. Metcalf\MetcDK00,2019,22,2-64,SEA,NFL,16,15,1,0,0,8
207,Kolton Miller\MillKo00,2019,24,1-15,OAK,NFL,16,16,1,0,0,8
208,D.J. Moore\MoorD.00,2019,22,1-24,CAR,NFL,15,15,1,0,0,8
209,Raheem Mostert\MostRa00,2019,27,,SFO,NFL,16,0,1,0,0,8
210,Michael Person\PersMi00,2019,31,7-239,SFO,NFL,14,14,1,0,0,8
211,Jordan Phillips\PhilJo01,2019,27,2-52,BUF,NFL,16,9,1,0,0,8
212,Michael Pierce\PierMi00,2019,27,,BAL,NFL,14,14,1,0,0,8
213,Jordan Poyer\PoyeJo00,2019,28,7-218,BUF,NFL,16,16,1,0,0,8
214,Robert Quinn\QuinRo00,2019,29,1-14,DAL,NFL,14,14,1,0,0,8
215,Jalen Ramsey\RamsJa00,2019,25,1-5,2TM,NFL,12,11,1,1,0,8
216,Austin Reiter\ReitAu00,2019,28,7-222,KAN,NFL,16,16,1,0,0,8
217,Mike Remmers\RemmMi00,2019,30,,NYG,NFL,14,14,1,0,0,8
218,Sheldon Richardson\RichSh00,2019,29,1-13,CLE,NFL,16,15,1,0,0,8
219,Weston Richburg\RichWe00,2019,28,2-43,SFO,NFL,13,13,1,0,0,8
220,Rodger Saffold\SaffRo20,2019,31,2-33,TEN,NFL,16,16,1,0,0,8
221,Emmanuel Sanders\SandEm00,2019,32,3-82,2TM,NFL,17,16,1,0,0,8
222,Max Scharping\SchaMa01,2019,23,2-55,HOU,NFL,16,14,1,0,0,8
223,Michael Schofield\SchoMi00,2019,29,3-95,LAC,NFL,16,16,1,0,0,8
224,Harrison Smith\SmitHa00,2019,30,1-29,MIN,NFL,15,15,1,1,0,8
225,Matthew Stafford\StafMa00,2019,31,1-1,DET,NFL,8,8,1,0,0,8
226,Ndamukong Suh\SuhxNd99,2019,32,1-2,TAM,NFL,16,16,1,0,0,8
227,Jawaan Taylor\TaylJa02,2019,22,2-35,JAX,NFL,16,16,1,0,0,8
228,Sam Tevi\TeviSa00,2019,25,6-190,LAC,NFL,14,14,1,0,0,8
229,Mitchell Trubisky\TrubMi00,2019,25,1-2,CHI,NFL,15,15,1,0,0,8
230,Nick Vigil\VigiNi00,2019,26,3-87,CIN,NFL,16,16,1,0,0,8
231,Darren Waller\WallDa01,2019,27,6-204,OAK,NFL,16,16,1,0,0,8
232,Larry Warford\WarfLa00,2019,28,3-65,NOR,NFL,15,15,1,1,0,8
233,Devin White\WhitDe02,2019,21,1-5,TAM,NFL,13,13,1,0,0,8
234,Brandon Williams\WillBr02,2019,30,3-94,BAL,NFL,14,14,1,0,0,8
235,Mike Williams\WillMi07,2019,25,1-7,LAC,NFL,15,15,1,0,0,8
236,K.J. Wright\WrigK.00,2019,30,4-99,SEA,NFL,16,16,1,0,0,8
237,Jonathan Allen\AlleJo01,2019,24,1-17,WAS,NFL,15,15,1,0,0,7
238,Kyle Allen\AlleKy00,2019,23,,CAR,NFL,13,12,1,0,0,7
239,Henry Anderson\AndeHe00,2019,28,3-93,NYJ,NFL,13,13,1,0,0,7
240,Chidobe Awuzie\AwuzCh00,2019,24,2-60,DAL,NFL,16,16,1,0,0,7
241,Budda Baker\BakeBu00,2019,23,2-36,ARI,NFL,16,16,1,1,0,7
242,Derek Barnett\BarnDe01,2019,23,1-14,PHI,NFL,14,14,1,0,0,7
243,Anthony Barr\BarrAn00,2019,27,1-9,MIN,NFL,14,14,1,0,0,7
244,Austin Blythe\BlytAu00,2019,27,7-248,LAR,NFL,15,15,1,0,0,7
245,Tyler Boyd\BoydTy00,2019,25,2-55,CIN,NFL,16,15,1,0,0,7
246,Nigel Bradham\BradNi00,2019,30,4-105,PHI,NFL,12,12,1,0,0,7
247,Michael Brockers\BrocMi00,2019,29,1-14,LAR,NFL,16,16,1,0,0,7
248,Duane Brown\BrowDu20,2019,34,1-26,SEA,NFL,12,12,1,0,0,7
249,Malcom Brown\BrowMa01,2019,25,1-32,NOR,NFL,16,16,1,0,0,7
250,Trent Brown\BrowTr02,2019,26,7-244,OAK,NFL,11,11,1,1,0,7
251,Kevin Byard\ByarKe01,2019,26,3-64,TEN,NFL,16,16,1,0,0,7
252,Marcus Cannon\CannMa00,2019,31,5-138,NWE,NFL,15,15,1,0,0,7
253,DJ Chark\CharDJ00,2019,23,2-61,JAX,NFL,15,14,1,1,0,7
254,Randall Cobb\CobbRa00,2019,29,2-64,DAL,NFL,15,6,1,0,0,7
255,Jared Cook\CookJa02,2019,32,3-89,NOR,NFL,14,7,1,1,0,7
256,Andy Dalton\DaltAn00,2019,32,2-35,CIN,NFL,13,13,1,0,0,7
257,Thomas Davis\DaviTh20,2019,36,1-14,LAC,NFL,16,16,1,0,0,7
258,David DeCastro\DeCaDa00,2019,29,1-24,PIT,NFL,16,16,1,1,0,7
259,Carlos Dunlap\DunlCa99,2019,30,2-54,CIN,NFL,14,14,1,0,0,7
260,Laurent Duvernay-Tardif\DuveLa00,2019,28,6-200,KAN,NFL,14,14,1,0,0,7
261,Gus Edwards\EdwaGu00,2019,24,,BAL,NFL,16,1,1,0,0,7
262,Zach Ertz\ErtzZa00,2019,29,2-35,PHI,NFL,15,15,1,1,0,7
263,Matt Feiler\FeilMa00,2019,27,,PIT,NFL,16,16,1,0,0,7
264,Clelin Ferrell\FerrCl00,2019,22,1-4,OAK,NFL,15,15,1,0,0,7
265,Larry Fitzgerald\FitzLa00,2019,36,1-3,ARI,NFL,16,16,1,0,0,7
266,Trey Flowers\FlowTr00,2019,26,4-101,DET,NFL,15,15,1,0,0,7
267,Cody Ford\FordCo00,2019,23,2-38,BUF,NFL,16,15,1,0,0,7
268,Dante Fowler\FowlDa00,2019,25,1-3,LAR,NFL,16,14,1,0,0,7
269,Devonta Freeman\FreeDe00,2019,27,4-103,ATL,NFL,14,14,1,0,0,7
270,Zach Fulton\FultZa00,2019,28,6-193,HOU,NFL,15,15,1,0,0,7
271,Mark Glowinski\GlowMa00,2019,27,4-134,IND,NFL,16,16,1,0,0,7
272,Eddie Goldman\GoldEd00,2019,25,2-39,CHI,NFL,15,15,1,0,0,7
273,Jon Halapio\HalaJo00,2019,28,6-179,NYG,NFL,15,15,1,0,0,7
274,Johnathan Hankins\HankJo00,2019,27,2-49,OAK,NFL,16,16,1,0,0,7
275,Mecole Hardman\HardMe00,2019,21,2-56,KAN,NFL,16,5,1,1,0,7
276,Javon Hargrave\HargJa00,2019,26,3-89,PIT,NFL,16,13,1,0,0,7
277,Damon Harrison\HarrDa03,2019,31,,DET,NFL,15,15,1,0,0,7
278,Bobby Hart\HartBo00,2019,25,7-226,CIN,NFL,16,16,1,0,0,7
279,Will Hernandez\HernWi00,2019,24,2-34,NYG,NFL,16,16,1,0,0,7
280,Neville Hewitt\HewiNe00,2019,26,,NYJ,NFL,12,12,1,0,0,7
281,Jordan Hicks\HickJo00,2019,27,3-84,ARI,NFL,16,16,1,0,0,7
282,Anthony Hitchens\HitcAn00,2019,27,4-119,KAN,NFL,15,15,1,0,0,7
283,Matthew Ioannidis\IoanMa01,2019,25,5-152,WAS,NFL,16,15,1,0,0,7
284,Mike Iupati\IupaMi20,2019,32,1-17,SEA,NFL,16,15,1,0,0,7
285,Elgton Jenkins\JenkEl00,2019,24,2-44,GNB,NFL,16,14,1,0,0,7
286,Jordan Jenkins\JenkJo01,2019,25,3-83,NYJ,NFL,14,13,1,0,0,7
287,Alexander Johnson\JohnAl01,2019,28,,DEN,NFL,15,12,1,0,0,7
288,Duke Johnson\JohnDu00,2019,26,3-77,HOU,NFL,16,2,1,0,0,7
289,Ben Jones\JoneBe01,2019,30,4-99,TEN,NFL,15,15,1,0,0,7
290,Ronald Jones\JoneRo01,2019,22,2-38,TAM,NFL,16,9,1,0,0,7
291,Ted Karras\KarrTe00,2019,26,6-221,NWE,NFL,15,15,1,0,0,7
292,Christian Kirk\KirkCh01,2019,23,2-47,ARI,NFL,13,13,1,0,0,7
293,A.J. Klein\KleiAJ00,2019,28,5-148,NOR,NFL,15,15,1,0,0,7
294,Josh Kline\KlinJo01,2019,30,,MIN,NFL,13,13,1,0,0,7
295,Marshon Lattimore\LattMa01,2019,23,1-11,NOR,NFL,14,14,1,1,0,7
296,Dexter Lawrence\LawrDe03,2019,22,1-17,NYG,NFL,16,16,1,0,0,7
297,Sean Lee\LeexSe99,2019,33,2-55,DAL,NFL,16,13,1,0,0,7
298,Taylor Lewan\LewaTa00,2019,28,1-11,TEN,NFL,12,12,1,0,0,7
299,Corey Linsley\LinsCo00,2019,28,5-161,GNB,NFL,16,16,1,0,0,7
300,Shaq Mason\MasoSh01,2019,26,4-131,NWE,NFL,15,15,1,0,0,7
301,Erik McCoy\McCoEr01,2019,22,2-48,NOR,NFL,16,16,1,0,0,7
302,Terry McLaurin\McLaTe00,2019,24,3-76,WAS,NFL,14,14,1,0,0,7
303,Rodney McLeod\McLeRo00,2019,29,,PHI,NFL,16,16,1,0,0,7
304,Whitney Mercilus\MercWh00,2019,29,1-26,HOU,NFL,16,16,1,0,0,7
305,Joe Mixon\MixoJo00,2019,23,2-48,CIN,NFL,16,15,1,0,0,7
306,Morgan Moses\MoseMo00,2019,28,3-66,WAS,NFL,16,16,1,0,0,7
307,Taylor Moton\MotoTa00,2019,25,2-64,CAR,NFL,16,16,1,0,0,7
308,Justin Murray\MurrJu00,2019,26,,ARI,NFL,14,12,1,0,0,7
309,Latavius Murray\MurrLa00,2019,29,6-181,NOR,NFL,16,8,1,0,0,7
310,Yannick Ngakoue\NgakYa00,2019,24,3-69,JAX,NFL,15,15,1,0,0,7
311,Derrick Nnadi\NnadDe00,2019,23,3-75,KAN,NFL,16,16,1,0,0,7
312,Larry Ogunjobi\OgunLa00,2019,25,3-65,CLE,NFL,15,15,1,0,0,7
313,Andrus Peat\PeatAn00,2019,26,1-13,NOR,NFL,10,10,1,1,0,7
314,Jason Peters\PeteJa21,2019,37,,PHI,NFL,13,13,1,0,0,7
315,Xavier Rhodes\RhodXa00,2019,29,1-25,MIN,NFL,15,15,1,1,0,7
316,Calvin Ridley\RidlCa00,2019,25,1-26,ATL,NFL,13,10,1,0,0,7
317,Cam Robinson\RobiCa00,2019,24,2-34,JAX,NFL,14,14,1,0,0,7
318,Greg Robinson\RobiGr01,2019,27,1-2,CLE,NFL,15,14,1,0,0,7
319,Logan Ryan\RyanLo00,2019,28,3-83,TEN,NFL,16,16,1,0,0,7
320,Isaac Seumalo\SeumIs00,2019,26,3-79,PHI,NFL,16,16,1,0,0,7
321,Darius Slay\SlayDa00,2019,28,2-36,DET,NFL,14,14,1,1,0,7
322,Braden Smith\SmitBr06,2019,23,2-37,IND,NFL,16,16,1,0,0,7
323,Roquan Smith\SmitRo07,2019,22,1-8,CHI,NFL,12,12,1,0,0,7
324,Shamar Stephen\StepSh00,2019,28,7-220,MIN,NFL,15,15,1,0,0,7
325,Earl Thomas\ThomEa99,2019,30,1-14,BAL,NFL,15,15,1,1,0,7
326,Dalvin Tomlinson\TomlDa00,2019,25,2-55,NYG,NFL,16,16,1,0,0,7
327,J.C. Tretter\TretJC00,2019,28,4-122,CLE,NFL,16,16,1,0,0,7
328,Billy Turner\TurnBi00,2019,28,3-67,GNB,NFL,16,16,1,0,0,7
329,Vita Vea\VeaxVi00,2019,24,1-12,TAM,NFL,16,16,1,0,0,7
330,Alejandro Villanueva\VillAl00,2019,31,,PIT,NFL,16,16,1,0,0,7
331,Anthony Walker\WalkAn01,2019,24,5-161,IND,NFL,16,16,1,0,0,7
332,Levi Wallace\WallLe00,2019,24,,BUF,NFL,16,16,1,0,0,7
333,Sammy Watkins\WatkSa00,2019,26,1-4,KAN,NFL,14,13,1,0,0,7
334,James White\WhitJa02,2019,27,4-130,NWE,NFL,15,1,1,0,0,7
335,Tahir Whitehead\WhitTa00,2019,29,5-138,OAK,NFL,16,16,1,0,0,7
336,Damien Wilson\WilsDa02,2019,26,4-127,KAN,NFL,16,16,1,0,0,7
337,Mack Wilson\WilsMa03,2019,21,5-155,CLE,NFL,16,14,1,0,0,7
338,Derek Wolfe\WolfDe00,2019,29,2-36,DEN,NFL,12,12,1,0,0,7
339,Kevin Zeitler\ZeitKe00,2019,29,1-27,NYG,NFL,15,15,1,0,0,7
340,Mario Addison\AddiMa00,2019,32,,CAR,NFL,15,15,1,0,0,6
341,Jaire Alexander\AlexJa00,2019,22,1-18,GNB,NFL,16,16,1,0,0,6
342,Lorenzo Alexander\AlexLo99,2019,36,,BUF,NFL,16,7,1,0,0,6
343,Josh Allen\AlleJo03,2019,22,1-7,JAX,NFL,16,4,1,1,0,6
344,Adrian Amos\AmosAd00,2019,26,5-142,GNB,NFL,16,16,1,0,0,6
345,Prince Amukamara\AmukPr00,2019,30,1-19,CHI,NFL,15,15,1,0,0,6
346,Denico Autry\AutrDe00,2019,29,,IND,NFL,14,14,1,0,0,6
347,Jerome Baker\BakeJe00,2019,23,3-73,MIA,NFL,16,15,1,0,0,6
348,Mark Barron\BarrMa00,2019,30,1-7,PIT,NFL,15,9,1,0,0,6
349,Jessie Bates\BateJe00,2019,22,2-54,CIN,NFL,16,16,1,0,0,6
350,Cole Beasley\BeasCo00,2019,30,,BUF,NFL,15,10,1,0,0,6
351,Vic Beasley\BeasVi00,2019,27,1-8,ATL,NFL,16,15,1,0,0,6
352,Antoine Bethea\BethAn20,2019,35,6-207,NYG,NFL,16,16,1,0,0,6
353,Andrew Billings\BillAn00,2019,24,4-122,CIN,NFL,16,14,1,0,0,6
354,Angelo Blackson\BlacAn00,2019,27,4-100,HOU,NFL,15,15,1,0,0,6
355,Jonathan Bostic\BostJo00,2019,28,2-50,WAS,NFL,16,16,1,0,0,6
356,Bashaud Breeland\BreeBa00,2019,27,4-102,KAN,NFL,16,15,1,0,0,6
357,Matt Breida\BreiMa00,2019,24,,SFO,NFL,13,5,1,0,0,6
358,James Burgess\BurgJa01,2019,25,,NYJ,NFL,10,10,1,0,0,6
359,A.J. Cann\CannA.00,2019,28,3-67,JAX,NFL,16,16,1,0,0,6
360,Alex Cappa\CappAl00,2019,24,3-94,TAM,NFL,13,13,1,0,0,6
361,Jadeveon Clowney\ClowJa00,2019,26,1-1,SEA,NFL,13,11,1,0,0,6
362,Tevin Coleman\ColeTe01,2019,26,3-73,SFO,NFL,14,11,1,0,0,6
363,Chris Conley\ConlCh00,2019,27,3-76,JAX,NFL,16,14,1,0,0,6
364,Maxx Crosby\CrosMa00,2019,22,4-106,OAK,NFL,16,10,1,0,0,6
365,Joe Dahl\DahlJo00,2019,26,5-151,DET,NFL,13,13,1,0,0,6
366,James Daniels\DaniJa01,2019,22,2-39,CHI,NFL,16,16,1,0,0,6
367,Sam Darnold\DarnSa00,2019,22,1-3,NYJ,NFL,13,13,1,0,0,6
368,Marcus Davenport\DaveMa00,2019,23,1-14,NOR,NFL,13,13,1,0,0,6
369,Jesse Davis\DaviJe00,2019,28,,MIA,NFL,15,15,1,0,0,6
370,Nate Davis\DaviNa01,2019,23,3-82,TEN,NFL,13,12,1,0,0,6
371,Tyeler Davison\DaviTy01,2019,27,5-154,ATL,NFL,16,12,1,0,0,6
372,Michael Deiter\DeitMi00,2019,23,3-78,MIA,NFL,16,15,1,0,0,6
373,Terrell Edmunds\EdmuTe00,2019,22,1-28,PIT,NFL,16,16,1,0,0,6
374,David Edwards\EdwaDa01,2019,22,5-169,LAR,NFL,16,10,1,0,0,6
375,Jon Feliciano\FeliJo00,2019,27,4-128,BUF,NFL,16,16,1,0,0,6
376,Jaylon Ferguson\FergJa02,2019,24,3-85,BAL,NFL,14,9,1,0,0,6
377,Ereck Flowers\FlowEr00,2019,25,1-9,WAS,NFL,16,16,1,0,0,6
378,Tre Flowers\FlowTr01,2019,24,5-146,SEA,NFL,15,15,1,0,0,6
379,D.J. Fluker\FlukDJ00,2019,28,1-11,SEA,NFL,14,14,1,0,0,6
380,Poona Ford\FordPo00,2019,24,,SEA,NFL,15,14,1,0,0,6
381,Will Fuller\FullWi01,2019,25,1-21,HOU,NFL,11,11,1,0,0,6
382,Graham Glasgow\GlasGr00,2019,27,3-95,DET,NFL,15,15,1,0,0,6
383,Davon Godchaux\GodcDa00,2019,25,5-178,MIA,NFL,16,16,1,0,0,6
384,Melvin Gordon\GordMe00,2019,26,1-15,LAC,NFL,12,11,1,0,0,6
385,Dre Greenlaw\GreeDr00,2019,22,5-148,SFO,NFL,16,11,1,0,0,6
386,Todd Gurley\GurlTo01,2019,25,1-10,LAR,NFL,15,15,1,0,0,6
387,Anthony Harris\HarrAn01,2019,28,,MIN,NFL,14,14,1,0,0,6
388,Chris Harris\HarrCh01,2019,30,,DEN,NFL,16,16,1,0,0,6
389,Casey Hayward\HaywCa00,2019,30,2-62,LAC,NFL,16,16,1,0,0,6
390,Tyler Higbee\HigbTy00,2019,26,4-110,LAR,NFL,15,15,1,0,0,6
391,Nyheim Hines\HineNy00,2019,23,4-104,IND,NFL,16,2,1,0,0,6
392,Cole Holcomb\HolcCo00,2019,23,5-173,WAS,NFL,16,15,1,0,0,6
393,Austin Hooper\HoopAu00,2019,25,3-81,ATL,NFL,13,10,1,1,0,6
394,Trey Hopkins\HopkTr01,2019,27,,CIN,NFL,16,16,1,0,0,6
395,Chris Hubbard\HubbCh00,2019,28,,CLE,NFL,14,13,1,0,0,6
396,Kareem Jackson\JackKa99,2019,31,1-20,DEN,NFL,13,13,1,0,0,6
397,Janoris Jenkins\JenkJa03,2019,31,2-39,2TM,NFL,15,14,1,0,0,6
398,Malcolm Jenkins\JenkMa99,2019,32,1-14,PHI,NFL,16,16,1,0,0,6
399,Rayshawn Jenkins\JenkRa00,2019,25,4-113,LAC,NFL,16,16,1,0,0,6
400,Diontae Johnson\JohnDi01,2019,23,3-66,PIT,NFL,16,12,1,0,0,6
401,Abry Jones\JoneAb00,2019,28,,JAX,NFL,16,15,1,0,0,6
402,Christian Jones\JoneCh05,2019,28,,DET,NFL,13,13,1,0,0,6
403,Marvin Jones\JoneMa02,2019,29,5-166,DET,NFL,13,11,1,0,0,6
404,Linval Joseph\JoseLi99,2019,31,2-46,MIN,NFL,13,13,1,0,0,6
405,Sebastian Joseph\JoseSe00,2019,24,6-195,LAR,NFL,16,15,1,0,0,6
406,Mychal Kendricks\KendMy00,2019,29,2-46,SEA,NFL,14,14,1,0,0,6
407,Kevin King\KingKe01,2019,24,2-33,GNB,NFL,15,14,1,0,0,6
408,Nick Kwiatkoski\KwiaNi00,2019,26,4-113,CHI,NFL,16,8,1,0,0,6
409,Josh Lambo\LambJo00,2019,29,,JAX,NFL,16,0,1,0,0,6
410,Tyler Lancaster\LancTy00,2019,25,,GNB,NFL,16,10,1,0,0,6
411,Charles Leno\LenoCh00,2019,28,7-246,CHI,NFL,16,16,1,0,0,6
412,Brandon Linder\LindBr00,2019,27,3-93,JAX,NFL,16,16,1,0,0,6
413,Marcus Maye\MayeMa00,2019,26,2-39,NYJ,NFL,16,16,1,0,0,6
414,David Mayo\MayoDa00,2019,26,5-169,NYG,NFL,16,13,1,0,0,6
415,Gerald McCoy\McCoGe99,2019,31,1-3,CAR,NFL,16,16,1,0,0,6
416,LeSean McCoy\McCoLe01,2019,31,2-53,KAN,NFL,13,9,1,0,0,6
417,Bradley McDougald\McDoBr01,2019,29,,SEA,NFL,15,14,1,0,0,6
418,Connor McGovern\McGoCo00,2019,26,5-144,DEN,NFL,16,16,1,0,0,6
419,Takkarist McKinley\McKiTa00,2019,24,1-26,ATL,NFL,14,13,1,0,0,6
420,Benardrick McKinney\McKiBe00,2019,27,2-43,HOU,NFL,14,14,1,0,0,6
421,Brandon Mebane\MebaBr99,2019,34,3-85,LAC,NFL,13,13,1,0,0,6
422,Mitch Morse\MorsMi00,2019,27,2-49,BUF,NFL,16,16,1,0,0,6
423,Steven Nelson\NelsSt01,2019,26,3-98,PIT,NFL,15,15,1,0,0,6
424,Bilal Nichols\NichBi00,2019,23,5-145,CHI,NFL,13,12,1,0,0,6
425,Andrew Norwell\NorwAn01,2019,28,,JAX,NFL,16,16,1,0,0,6
426,Alec Ogletree\OgleAl00,2019,28,1-30,NYG,NFL,13,13,1,0,0,6
427,Ed Oliver\OlivEd00,2019,22,1-9,BUF,NFL,16,7,1,0,0,6
428,David Onyemata\OnyeDa00,2019,27,4-120,NOR,NFL,15,15,1,0,0,6
429,Matt Paradis\ParaMa00,2019,30,6-207,CAR,NFL,16,16,1,0,0,6
430,Zach Pascal\PascZa00,2019,25,,IND,NFL,16,13,1,0,0,6
431,Donald Penn\PennDo20,2019,36,,WAS,NFL,16,15,1,0,0,6
432,Adrian Peterson\PeteAd01,2019,34,1-7,WAS,NFL,15,15,1,0,0,6
433,Maurkice Pouncey\PounMa20,2019,30,1-18,PIT,NFL,13,13,1,1,0,6
434,Frank Ragnow\RagnFr00,2019,23,1-20,DET,NFL,15,15,1,0,0,6
435,D.J. Reader\ReadD.00,2019,25,5-166,HOU,NFL,15,15,1,0,0,6
436,Dalton Risner\RisnDa00,2019,24,2-41,DEN,NFL,16,16,1,0,0,6
437,Trenton Scott\ScotTr01,2019,25,,LAC,NFL,16,9,1,0,0,6
438,Devin Singletary\SingDe00,2019,22,3-74,BUF,NFL,12,8,1,0,0,6
439,Matt Skura\SkurMa01,2019,26,,BAL,NFL,11,11,1,0,0,6
440,Darius Slayton\SlayDa01,2019,22,5-171,NYG,NFL,14,9,1,0,0,6
441,Quinton Spain\SpaiQu00,2019,28,,BUF,NFL,16,16,1,0,0,6
442,Montez Sweat\SweaMo00,2019,23,1-26,WAS,NFL,16,16,1,0,0,6
443,Shaq Thompson\ThomSh01,2019,25,1-25,CAR,NFL,14,14,1,0,0,6
444,Juan Thornhill\ThorJu00,2019,24,2-63,KAN,NFL,16,16,1,0,0,6
445,Justin Tucker\TuckJu00,2019,30,,BAL,NFL,16,0,1,1,1,6
446,Trai Turner\TurnTr01,2019,26,3-92,CAR,NFL,13,13,1,1,0,6
447,Kenny Vaccaro\VaccKe00,2019,28,1-15,TEN,NFL,16,16,1,0,0,6
448,Ricky Wagner\WagnRi00,2019,30,5-168,DET,NFL,12,12,1,0,0,6
449,James Washington\WashJa00,2019,23,2-60,PIT,NFL,15,10,1,0,0,6
450,Eric Weddle\WeddEr99,2019,34,2-37,LAR,NFL,16,16,1,0,0,6
451,Cody Whitehair\WhitCo03,2019,27,2-56,CHI,NFL,16,16,1,0,0,6
452,Damien Williams\WillDa05,2019,27,,KAN,NFL,11,6,1,0,0,6
453,Daryl Williams\WillDa06,2019,27,4-102,CAR,NFL,16,12,1,0,0,6
454,Leonard Williams\WillLe02,2019,25,1-6,2TM,NFL,15,12,1,0,0,6
455,Xavier Woods\WoodXa00,2019,24,6-191,DAL,NFL,15,15,1,0,0,6
456,Andrew Wylie\WyliAn00,2019,25,,KAN,NFL,11,11,1,0,0,6
457,Ricardo Allen\AlleRi00,2019,28,5-147,ATL,NFL,16,16,1,0,0,5
458,Danny Amendola\AmenDa00,2019,34,,DET,NFL,15,10,1,0,0,5
459,Robby Anderson\AndeRo04,2019,26,,NYJ,NFL,16,15,1,0,0,5
460,Deandre Baker\BakeDe00,2019,22,1-30,NYG,NFL,16,15,1,0,0,5
461,Kelvin Beachum\BeacKe00,2019,30,7-248,NYJ,NFL,13,13,1,0,0,5
462,Le'Veon Bell\BellLe00,2019,27,2-48,NYJ,NFL,15,15,1,0,0,5
463,Vonn Bell\BellVo00,2019,25,2-61,NOR,NFL,13,13,1,0,0,5
464,Tre Boston\BostTr00,2019,27,4-128,CAR,NFL,16,16,1,0,0,5
465,Chris Boswell\BoswCh00,2019,28,,PIT,NFL,16,0,1,0,0,5
466,A.J. Bouye\BouyA.00,2019,28,,JAX,NFL,14,14,1,0,0,5
467,James Bradberry\BradJa00,2019,26,2-62,CAR,NFL,15,15,1,0,0,5
468,Teddy Bridgewater\BridTe00,2019,27,1-32,NOR,NFL,9,5,1,0,0,5
469,Daniel Brunskill\BrunDa00,2019,25,,SFO,NFL,14,7,1,0,0,5
470,Harrison Butker\ButkHa00,2019,24,7-233,KAN,NFL,16,0,1,0,0,5
471,Adam Butler\ButlAd00,2019,25,,NWE,NFL,16,2,1,0,0,5
472,Josh Bynes\ByneJo00,2019,30,,BAL,NFL,12,7,1,0,0,5
473,James Carpenter\CarpJa00,2019,30,1-25,ATL,NFL,11,11,1,0,0,5
474,Brandon Carr\CarrBr99,2019,33,5-140,BAL,NFL,16,16,1,0,0,5
475,Lorenzo Carter\CartLo01,2019,24,3-66,NYG,NFL,15,12,1,0,0,5
476,Patrick Chung\ChunPa99,2019,32,2-34,NWE,NFL,13,12,1,0,0,5
477,Tarik Cohen\CoheTa00,2019,24,4-119,CHI,NFL,16,11,1,0,0,5
478,Landon Collins\CollLa00,2019,25,2-33,WAS,NFL,15,15,1,0,0,5
479,James Conner\ConnJa00,2019,24,3-105,PIT,NFL,10,10,1,0,0,5
480,Brandin Cooks\CookBr00,2019,26,1-20,LAR,NFL,14,14,1,0,0,5
481,Mason Crosby\CrosMa20,2019,35,6-193,GNB,NFL,16,0,1,0,0,5
482,Jamison Crowder\CrowJa00,2019,26,4-105,NYJ,NFL,16,12,1,0,0,5
483,Ronald Darby\DarbRo00,2019,25,2-50,PHI,NFL,11,11,1,0,0,5
484,Carlton Davis\DaviCa02,2019,23,2-63,TAM,NFL,14,14,1,0,0,5
485,Corey Davis\DaviCo03,2019,24,1-5,TEN,NFL,15,11,1,0,0,5
486,Jarrad Davis\DaviJa01,2019,24,1-21,DET,NFL,11,11,1,0,0,5
487,Michael Davis\DaviMi03,2019,24,,LAC,NFL,12,12,1,0,0,5
488,Cameron Erving\ErviCa00,2019,27,1-19,KAN,NFL,13,8,1,0,0,5
489,George Fant\FantGe00,2019,27,,SEA,NFL,16,7,1,0,0,5
490,Eric Fisher\FishEr00,2019,28,1-1,KAN,NFL,8,8,1,0,0,5
491,Joe Flacco\FlacJo00,2019,34,1-18,DEN,NFL,8,8,1,0,0,5
492,L.J. Fort\FortL.00,2019,29,,2TM,NFL,16,8,1,0,0,5
493,Ramon Foster\FostRa21,2019,33,,PIT,NFL,14,14,1,0,0,5
494,Royce Freeman\FreeRo00,2019,23,3-71,DEN,NFL,16,0,1,0,0,5
495,Myles Garrett\GarrMy00,2019,24,1-1,CLE,NFL,10,10,1,0,0,5
496,Ted Ginn\GinnTe00,2019,34,1-9,NOR,NFL,16,9,1,0,0,5
497,Tashaun Gipson\GipsTa00,2019,29,,HOU,NFL,14,14,1,0,0,5
498,Dallas Goedert\GoedDa00,2019,24,2-49,PHI,NFL,15,9,1,0,0,5
499,B.J. Goodson\GoodB.00,2019,26,4-109,GNB,NFL,15,9,1,0,0,5
500,Rodney Gunter\GuntRo00,2019,27,4-116,ARI,NFL,13,13,1,0,0,5

501,P.J. Hall\HallP.00,2019,24,2-57,OAK,NFL,16,12,1,0,0,5
502,Vernon Hargreaves\HargVe00,2019,24,1-11,2TM,NFL,15,11,1,0,0,5
503,Duron Harmon\HarmDu00,2019,28,3-91,NWE,NFL,16,8,1,0,0,5
504,Erik Harris\HarrEr00,2019,29,,OAK,NFL,16,14,1,0,0,5
505,Ronnie Harrison\HarrRo02,2019,22,3-93,JAX,NFL,14,14,1,0,0,5
506,Rob Havenstein\HaveRo00,2019,27,2-57,LAR,NFL,9,9,1,0,0,5
507,Jeff Heath\HeatJe00,2019,28,,DAL,NFL,13,13,1,0,0,5
508,Hunter Henry\HenrHu00,2019,25,2-35,LAC,NFL,12,12,1,0,0,5
509,Tre Herndon\HernTr00,2019,23,,JAX,NFL,16,14,1,0,0,5
510,T.Y. Hilton\HiltT.00,2019,30,3-92,IND,NFL,10,10,1,0,0,5
511,Malik Hooker\HookMa00,2019,23,1-15,IND,NFL,13,13,1,0,0,5
512,Tytus Howard\HowaTy00,2019,23,1-23,HOU,NFL,8,8,1,0,0,5
513,Hayden Hurst\HursHa00,2019,26,1-25,BAL,NFL,16,4,1,0,0,5
514,Richie Incognito\IncoRi20,2019,36,3-81,OAK,NFL,12,12,1,0,0,5
515,Bruce Irvin\IrviBr00,2019,32,1-15,CAR,NFL,13,12,1,0,0,5
516,Myles Jack\JackMy00,2019,24,2-36,JAX,NFL,11,11,1,0,0,5
517,Gabe Jackson\JackGa00,2019,28,3-81,OAK,NFL,11,11,1,0,0,5
518,J.C. Jackson\JackJ.00,2019,24,,NWE,NFL,16,6,1,0,0,5
519,Quinton Jefferson\JeffQu00,2019,26,5-147,SEA,NFL,14,12,1,0,0,5
520,David Johnson\JohnDa08,2019,28,3-86,ARI,NFL,13,9,1,0,0,5
521,Byron Jones\JoneBy00,2019,27,1-27,DAL,NFL,15,14,1,0,0,5
522,D.J. Jones\JoneD.01,2019,24,6-198,SFO,NFL,11,11,1,0,0,5
523,Justin Jones\JoneJu03,2019,24,3-84,LAC,NFL,12,12,1,0,0,5
524,Damontae Kazee\KazeDa00,2019,26,5-149,ATL,NFL,16,14,1,0,0,5
525,Ryan Kerrigan\KerrRy00,2019,31,1-16,WAS,NFL,12,12,1,0,0,5
526,Daniel Kilgore\KilgDa00,2019,32,5-163,MIA,NFL,13,13,1,0,0,5
527,Desmond King\KingDe01,2019,25,5-151,LAC,NFL,15,8,1,0,0,5
528,Tanoh Kpassagnon\KpasTa00,2019,25,2-59,KAN,NFL,16,8,1,0,0,5
529,Ronald Leary\LearRo00,2019,30,,DEN,NFL,12,12,1,0,0,5
530,Wil Lutz\LutzWi00,2019,25,,NOR,NFL,16,0,1,1,0,5
531,Marcus Mariota\MariMa01,2019,26,1-2,TEN,NFL,7,6,1,0,0,5
532,Clay Matthews\MattCl99,2019,33,1-26,LAR,NFL,13,13,1,0,0,5
533,Jason McCourty\McCoJa99,2019,32,6-203,NWE,NFL,12,10,1,0,0,5
534,Brandon McManus\McMaBr01,2019,28,,DEN,NFL,16,0,1,0,0,5
535,Sony Michel\MichSo00,2019,24,1-31,NWE,NFL,16,14,1,0,0,5
536,Anthony Miller\MillAn02,2019,25,2-51,CHI,NFL,16,7,1,0,0,5
537,John Miller\MillJo04,2019,26,3-81,CIN,NFL,13,13,1,0,0,5
538,David Montgomery\MontDa01,2019,22,3-73,CHI,NFL,16,8,1,0,0,5
539,Byron Murphy\MurpBy00,2019,21,2-33,ARI,NFL,16,16,1,0,0,5
540,Sean Murphy-Bunting\BuntSe00,2019,22,2-39,TAM,NFL,16,10,1,0,0,5
541,Marshall Newhouse\NewhMa20,2019,31,5-169,NWE,NFL,15,9,1,0,0,5
542,Montae Nicholson\NichMo00,2019,24,4-123,WAS,NFL,13,13,1,0,0,5
543,Isaiah Oliver\OlivIs00,2019,23,2-58,ATL,NFL,16,16,1,0,0,5
544,Patrick Onwuasor\OnwuPa00,2019,27,,BAL,NFL,14,6,1,0,0,5
545,Breshad Perriman\PerrBr02,2019,26,1-26,TAM,NFL,14,4,1,0,0,5
546,Denzel Perryman\PerrDe00,2019,27,2-48,LAC,NFL,14,10,1,0,0,5
547,Corey Peters\PeteCo00,2019,31,3-83,ARI,NFL,16,16,1,0,0,5
548,Germaine Pratt\PratGe00,2019,23,3-72,CIN,NFL,16,9,1,0,0,5
549,Mike Purcell\PurcMi00,2019,28,,DEN,NFL,13,7,1,0,0,5
550,Scott Quessenberry\QuesSc00,2019,24,5-155,LAC,NFL,16,9,1,0,0,5
551,Taylor Rapp\RappTa00,2019,22,2-61,LAR,NFL,15,10,1,0,0,5
552,Malik Reed\ReedMa01,2019,23,,DEN,NFL,15,8,1,0,0,5
553,Eric Reid\ReidEr00,2019,28,1-18,CAR,NFL,16,16,1,0,0,5
554,Justin Reid\ReidJu00,2019,22,3-68,HOU,NFL,15,15,1,0,0,5
555,Roy Robertson-Harris\RobeRo00,2019,26,,CHI,NFL,15,7,1,0,0,5
556,A'Shawn Robinson\RobiAS00,2019,24,2-46,DET,NFL,13,9,1,0,0,5
557,Demarcus Robinson\RobiDe01,2019,25,4-126,KAN,NFL,16,10,1,0,0,5
558,Chase Roullier\RoulCh00,2019,26,6-199,WAS,NFL,14,14,1,0,0,5
559,Curtis Samuel\SamuCu00,2019,23,2-40,CAR,NFL,16,15,1,0,0,5
560,Mohamed Sanu\SanuMo00,2019,30,3-83,2TM,NFL,15,12,1,0,0,5
561,Darnell Savage\SavaDa00,2019,22,1-21,GNB,NFL,14,14,1,0,0,5
562,Brennan Scarlett\ScarBr00,2019,26,,HOU,NFL,15,10,1,0,0,5
563,Brandon Scherff\ScheBr00,2019,28,1-5,WAS,NFL,11,11,1,1,0,5
564,Jabaal Sheard\SheaJa00,2019,30,2-37,IND,NFL,13,12,1,0,0,5
565,Sterling Shepard\ShepSt00,2019,26,2-40,NYG,NFL,10,10,1,0,0,5
566,Justin Skule\SkulJu00,2019,23,6-183,SFO,NFL,15,8,1,0,0,5
567,Willie Snead\SneaWi00,2019,27,,BAL,NFL,16,11,1,0,0,5
568,Joe Staley\StalJo20,2019,35,1-28,SFO,NFL,7,7,1,0,0,5
569,Grover Stewart\StewGr00,2019,26,4-144,IND,NFL,16,13,1,0,0,5
570,Kenny Stills\StilKe00,2019,27,5-144,HOU,NFL,13,5,1,0,0,5
571,Terrell Suggs\SuggTe99,2019,37,1-10,2TM,NFL,15,13,1,0,0,5
572,Jaquiski Tartt\TartJa00,2019,27,2-46,SFO,NFL,12,12,1,0,0,5
573,Golden Tate\TateGo00,2019,31,2-60,NYG,NFL,11,10,1,0,0,5
574,Chad Thomas\ThomCh06,2019,24,3-67,CLE,NFL,16,8,1,0,0,5
575,Danny Trevathan\TrevDa00,2019,29,6-188,CHI,NFL,9,9,1,0,0,5
576,Leighton Vander Esch\VandLe00,2019,23,1-19,DAL,NFL,9,9,1,0,0,5
577,Olivier Vernon\VernOl00,2019,29,3-72,CLE,NFL,10,10,1,0,0,5
578,Charvarius Ward\WardCh01,2019,23,,KAN,NFL,16,16,1,0,0,5
579,Denzel Ward\WardDe02,2019,22,1-4,CLE,NFL,12,12,1,0,0,5
580,Jimmie Ward\WardJi01,2019,28,1-30,SFO,NFL,13,13,1,0,0,5
581,Trae Waynes\WaynTr00,2019,27,1-11,MIN,NFL,14,14,1,0,0,5
582,Dede Westbrook\WestDe00,2019,26,4-110,JAX,NFL,15,11,1,0,0,5
583,Jordan Whitehead\WhitJo03,2019,22,4-117,TAM,NFL,14,14,1,0,0,5
584,Christian Wilkins\WilkCh00,2019,24,1-13,MIA,NFL,16,14,1,0,0,5
585,Elijah Wilkinson\WilkEl00,2019,24,,DEN,NFL,15,12,1,0,0,5
586,Connor Williams\WillCo00,2019,22,2-50,DAL,NFL,11,11,1,0,0,5
587,Jamaal Williams\WillJa06,2019,24,4-134,GNB,NFL,14,2,1,0,0,5
588,Marcus Williams\WillMa06,2019,23,2-42,NOR,NFL,15,15,1,0,0,5
589,Nick Williams\WillNi01,2019,29,7-223,CHI,NFL,16,5,1,0,0,5
590,Quinnen Williams\WillQu00,2019,22,1-3,NYJ,NFL,13,9,1,0,0,5
591,Shawn Williams\WillSh02,2019,28,3-84,CIN,NFL,16,15,1,0,0,5
592,Tyrell Williams\WillTy00,2019,27,,OAK,NFL,14,12,1,0,0,5
593,Vince Williams\WillVi01,2019,30,6-206,PIT,NFL,14,8,1,0,0,5
594,Jarrod Wilson\WilsJa00,2019,25,,JAX,NFL,16,16,1,0,0,5
595,Deatrich Wise\WiseDe00,2019,25,4-131,NWE,NFL,14,3,1,0,0,5
596,Antwaun Woods\WoodAn02,2019,26,,DAL,NFL,10,10,1,0,0,5
597,Daryl Worley\WorlDa00,2019,24,3-77,OAK,NFL,15,15,1,0,0,5
598,Chris Wormley\WormCh00,2019,26,3-74,BAL,NFL,16,7,1,0,0,5
599,Rock Ya-Sin\Ya-SRo00,2019,23,2-34,IND,NFL,15,13,1,0,0,5
600,Andrew Adams\AdamAn00,2019,27,,TAM,NFL,14,11,1,0,0,4
601,Jordan Akins\AkinJo00,2019,27,3-98,HOU,NFL,16,9,1,0,0,4
602,Kwon Alexander\AlexKw00,2019,25,4-124,SFO,NFL,8,8,1,0,0,4
603,Brian Allen\AlleBr02,2019,24,4-111,LAR,NFL,9,9,1,0,0,4
604,Tyson Alualu\AluaTy99,2019,32,1-10,PIT,NFL,16,5,1,0,0,4
605,Eli Apple\ApplEl00,2019,24,1-10,NOR,NFL,15,15,1,0,0,4
606,Jeremiah Attaochu\AttaJe00,2019,26,2-50,DEN,NFL,12,5,1,0,0,4
607,Dan Bailey\BailDa00,2019,31,,MIN,NFL,16,0,1,0,0,4
608,Peyton Barber\BarbPe01,2019,25,,TAM,NFL,16,7,1,0,0,4
609,Michael Bennett\BennMi99,2019,34,,2TM,NFL,15,1,1,0,0,4
610,Ja'Whaun Bentley\BentJa00,2019,23,5-143,NWE,NFL,16,2,1,0,0,4
611,Vince Biegel\BiegVi00,2019,26,4-108,MIA,NFL,15,10,1,0,0,4
612,Evan Boehm\BoehEv00,2019,26,4-128,MIA,NFL,13,8,1,0,0,4
613,Kendrick Bourne\BourKe00,2019,24,,SFO,NFL,16,0,1,0,0,4
614,Nick Boyle\BoylNi00,2019,26,5-171,BAL,NFL,16,15,1,0,0,4
615,Justin Britt\BritJu00,2019,28,2-64,SEA,NFL,8,8,1,0,0,4
616,Jamon Brown\BrowJa04,2019,26,3-72,ATL,NFL,10,9,1,0,0,4
617,Preston Brown\BrowPr00,2019,27,3-73,2TM,NFL,10,8,1,0,0,4
618,Taven Bryan\BryaTa00,2019,23,1-29,JAX,NFL,16,8,1,0,0,4
619,Randy Bullock\BullRa00,2019,30,5-161,CIN,NFL,16,0,1,0,0,4
620,Rex Burkhead\BurkRe00,2019,29,6-190,NWE,NFL,13,1,1,0,0,4
621,Brian Burns\BurnBr00,2019,21,1-16,CAR,NFL,16,5,1,0,0,4
622,Juston Burris\BurrJu00,2019,26,4-118,CLE,NFL,14,9,1,0,0,4
623,Malcolm Butler\ButlMa01,2019,29,,TEN,NFL,9,9,1,0,0,4
624,Vernon Butler\ButlVe00,2019,25,1-30,CAR,NFL,14,9,1,0,0,4
625,Chris Clark\ClarCh21,2019,34,,HOU,NFL,8,7,1,0,0,4
626,Chuck Clark\ClarCh00,2019,24,6-186,BAL,NFL,16,12,1,0,0,4
627,Ross Cockrell\CockRo00,2019,28,4-109,CAR,NFL,14,11,1,0,0,4
628,Justin Coleman\ColeJu01,2019,26,,DET,NFL,16,11,1,0,0,4
629,Gareon Conley\ConlGa00,2019,24,1-24,2TM,NFL,14,12,1,0,0,4
630,Kamalei Correa\CorrKa00,2019,25,2-42,TEN,NFL,16,5,1,0,0,4
631,Christian Covington\CoviCh00,2019,26,6-216,DAL,NFL,16,6,1,0,0,4
632,Rashaad Coward\CowaRa00,2019,25,,CHI,NFL,13,10,1,0,0,4
633,Dennis Daley\DaleDe00,2019,23,6-212,CAR,NFL,14,9,1,0,0,4
634,Julie'n Davenport\DaveJu00,2019,24,4-130,MIA,NFL,8,8,1,0,0,4
635,Pierre Desir\DesiPi00,2019,29,4-127,IND,NFL,12,11,1,0,0,4
636,Quandre Diggs\DiggQu00,2019,26,6-200,2TM,NFL,10,10,1,0,0,4
637,Jack Doyle\DoylJa00,2019,29,,IND,NFL,16,16,1,1,0,4
638,Quinton Dunbar\DunbQu00,2019,27,,WAS,NFL,11,11,1,0,0,4
639,Samson Ebukam\EbukSa00,2019,24,4-125,LAR,NFL,16,5,1,0,0,4
640,Evan Engram\EngrEv00,2019,25,1-23,NYG,NFL,8,6,1,0,0,4
641,Alex Erickson\EricAl01,2019,27,,CIN,NFL,16,6,1,0,0,4
642,Bobby Evans\EvanBo00,2019,22,3-97,LAR,NFL,9,7,1,0,0,4
643,Noah Fant\FantNo00,2019,22,1-20,DEN,NFL,16,11,1,0,0,4
644,Russell Gage\GageRu00,2019,23,6-194,ATL,NFL,16,4,1,0,0,4
645,Clayton Geathers\GeatCl00,2019,27,4-109,IND,NFL,15,10,1,0,0,4
646,Mike Gesicki\GesiMi00,2019,24,2-42,MIA,NFL,16,5,1,0,0,4
647,William Gholston\GholWi00,2019,28,4-126,TAM,NFL,16,8,1,0,0,4
648,Zane Gonzalez\GonzZa00,2019,24,7-224,ARI,NFL,16,0,1,0,0,4
649,Frank Gore\GoreFr00,2019,36,3-65,BUF,NFL,16,8,1,0,0,4
650,Jimmy Graham\GrahJi00,2019,33,3-95,GNB,NFL,16,10,1,0,0,4
651,J.T. Gray\GrayJ.00,2019,23,,NOR,NFL,16,0,1,0,0,4
652,Rasheem Green\GreeRa01,2019,22,3-79,SEA,NFL,16,8,1,0,0,4
653,Taysom Hill\HillTa00,2019,29,,NOR,NFL,16,5,1,0,0,4
654,Troy Hill\HillTr01,2019,28,,LAR,NFL,14,9,1,0,0,4
655,Mike Hilton\HiltMi01,2019,25,,PIT,NFL,16,8,1,0,0,4
656,Jordan Howard\HowaJo00,2019,25,5-150,PHI,NFL,10,4,1,0,0,4
657,O.J. Howard\HowaO.00,2019,25,1-19,TAM,NFL,14,14,1,0,0,4
658,Joey Hunt\HuntJo00,2019,25,6-215,SEA,NFL,14,8,1,0,0,4
659,Adoree' Jackson\JackAd00,2019,24,1-18,TEN,NFL,11,10,1,0,0,4
660,Donte Jackson\JackDo02,2019,24,2-55,CAR,NFL,13,10,1,0,0,4
661,William Jackson\JackWi02,2019,27,1-24,CIN,NFL,14,13,1,0,0,4
662,Leon Jacobs\JacoLe00,2019,24,7-230,JAX,NFL,14,7,1,0,0,4
663,Alshon Jeffery\JeffAl00,2019,29,2-45,PHI,NFL,10,10,1,0,0,4
664,Timmy Jernigan\JernTi00,2019,27,2-48,PHI,NFL,10,9,1,0,0,4
665,Jonathan Jones\JoneJo03,2019,26,,NWE,NFL,15,9,1,0,0,4
666,Michael Jordan\JordMi01,2019,21,4-136,CIN,NFL,13,9,1,0,0,4
667,Johnathan Joseph\JoseJo20,2019,35,1-24,HOU,NFL,14,11,1,0,0,4
668,Case Keenum\KeenCa00,2019,31,,WAS,NFL,10,8,1,0,0,4
669,Allen Lazard\LazaAl00,2019,24,,GNB,NFL,16,3,1,0,0,4
670,Alex Lewis\LewiAl01,2019,27,4-130,NYJ,NFL,15,12,1,0,0,4
671,Jourdan Lewis\LewiJo01,2019,24,3-92,DAL,NFL,16,5,1,0,0,4
672,Ty Long\LongTy00,2019,26,,LAC,NFL,16,0,1,0,0,4
673,Cornelius Lucas\LucaCo01,2019,28,,CHI,NFL,16,8,1,0,0,4
674,Bobby Massie\MassBo00,2019,30,4-112,CHI,NFL,10,10,1,0,0,4
675,Alexander Mattison\MattAl01,2019,21,3-102,MIN,NFL,13,0,1,0,0,4
676,Raekwon McMillan\McMiRa02,2019,24,2-54,MIA,NFL,13,12,1,0,0,4
677,Pernell McPhee\McPhPe00,2019,31,5-165,BAL,NFL,7,7,1,0,0,4
678,Jalen Mills\MillJa02,2019,25,7-233,PHI,NFL,9,9,1,0,0,4
679,Kenny Moore\MoorKe03,2019,24,,IND,NFL,11,11,1,0,0,4
680,Nicholas Morrow\MorrNi00,2019,24,,OAK,NFL,16,8,1,0,0,4
681,Emmanuel Moseley\MoseEm00,2019,23,,SFO,NFL,16,9,1,0,0,4
682,Carl Nassib\NassCa00,2019,26,3-65,TAM,NFL,14,8,1,0,0,4
683,Alex Okafor\OkafAl00,2019,28,4-103,KAN,NFL,10,9,1,0,0,4
684,Bobby Okereke\OkerBo00,2019,23,3-89,IND,NFL,16,8,1,0,0,4
685,Greg Olsen\OlseGr00,2019,34,1-31,CAR,NFL,14,14,1,0,0,4
686,Da'Ron Payne\PaynDa00,2019,22,1-13,WAS,NFL,15,9,1,0,0,4
687,Jabrill Peppers\PeppJa00,2019,24,1-25,NYG,NFL,11,11,1,0,0,4
688,Kyle Phillips\PhilKy00,2019,24,,NYJ,NFL,15,4,1,0,0,4
689,Jason Pierre-Paul\PierJa99,2019,30,1-15,TAM,NFL,10,8,1,0,0,4
690,Dontari Poe\PoexDo00,2019,29,1-11,CAR,NFL,11,10,1,0,0,4
691,Tony Pollard\PollTo00,2019,22,4-128,DAL,NFL,15,0,1,0,0,4
692,Brian Poole\PoolBr01,2019,27,,NYJ,NFL,14,10,1,0,0,4
693,Matt Prater\PratMa20,2019,35,,DET,NFL,16,0,1,0,0,4
694,Billy Price\PricBi01,2019,25,1-21,CIN,NFL,16,8,1,0,0,4
695,Reggie Ragland\RaglRe00,2019,26,2-41,KAN,NFL,14,7,1,0,0,4
696,Damarious Randall\RandDa00,2019,27,1-30,CLE,NFL,11,11,1,0,0,4
697,Jarran Reed\ReedJa02,2019,27,2-49,SEA,NFL,10,10,1,0,0,4
698,Troy Reeder\ReedTr01,2019,25,,LAR,NFL,16,8,1,0,0,4
699,Hunter Renfrow\RenfHu00,2019,24,5-149,OAK,NFL,13,4,1,0,0,4
700,Darryl Roberts\RobeDa00,2019,29,7-247,NYJ,NFL,13,10,1,0,0,4
701,Elandon Roberts\RobeEl00,2019,25,6-214,NWE,NFL,16,3,1,0,0,4
702,Seth Roberts\RobeSe00,2019,28,,BAL,NFL,16,0,1,0,0,4
703,Bradley Roby\RobyBr00,2019,27,1-31,HOU,NFL,10,10,1,0,0,4
704,Eric Rowe\RoweEr00,2019,27,2-47,MIA,NFL,16,15,1,0,0,4
705,Kyle Rudolph\RudoKy00,2019,30,2-43,MIN,NFL,16,16,1,0,0,4
706,Wes Schweitzer\SchwWe00,2019,26,6-195,ATL,NFL,15,7,1,0,0,4
707,Kendall Sheffield\ShefKe00,2019,23,4-111,ATL,NFL,16,11,1,0,0,4
708,Brandon Shell\ShelBr00,2019,27,5-158,NYJ,NFL,15,11,1,0,0,4
709,Jeffery Simmons\SimmJe01,2019,22,1-19,TEN,NFL,9,7,1,0,0,4
710,Steven Sims\SimsSt00,2019,22,,WAS,NFL,16,2,1,0,0,4
711,Joey Slye\SlyeJo00,2019,23,,CAR,NFL,16,0,1,0,0,4
712,Jonnu Smith\SmitJo01,2019,24,3-100,TEN,NFL,16,14,1,0,0,4
713,JuJu Smith-Schuster\SmitJu00,2019,23,2-62,PIT,NFL,12,12,1,0,0,4
714,Auden Tate\TateAu00,2019,22,7-253,CIN,NFL,12,10,1,0,0,4
715,Jahlani Tavai\TavaJa00,2019,23,2-43,DET,NFL,15,6,1,0,0,4
716,Wyatt Teller\TellWy00,2019,25,5-166,CLE,NFL,15,9,1,0,0,4
717,Adam Thielen\ThieAd00,2019,29,,MIN,NFL,10,10,1,0,0,4
718,Chris Thompson\ThomCh03,2019,29,5-154,WAS,NFL,11,0,1,0,0,4
719,Desmond Trufant\TrufDe00,2019,29,1-22,ATL,NFL,9,9,1,0,0,4
720,Josh Tupou\TupoJo00,2019,25,,CIN,NFL,16,7,1,0,0,4
721,Marquez Valdes-Scantling\ValdMa00,2019,25,5-174,GNB,NFL,16,10,1,0,0,4
722,Greg Van Roten\VanRGr00,2019,29,,CAR,NFL,11,11,1,0,0,4
723,Joe Walker\WalkJo01,2019,27,7-251,ARI,NFL,16,11,1,0,0,4
724,Tracy Walker\WalkTr01,2019,24,3-82,DET,NFL,13,12,1,0,0,4
725,DeAndre Washington\WashDe00,2019,26,5-143,OAK,NFL,16,3,1,0,0,4
726,J.J. Watt\WattJ.00,2019,30,1-11,HOU,NFL,8,8,1,0,0,4
727,Tress Way\WayxTr00,2019,29,,WAS,NFL,16,0,1,1,0,4
728,B.W. Webb\WebbBW00,2019,29,4-114,CIN,NFL,15,12,1,0,0,4
729,J'Marcus Webb\WebbJM20,2019,31,7-218,MIA,NFL,14,8,1,0,0,4
730,Kyzir White\WhitKy00,2019,23,4-119,LAC,NFL,16,7,1,0,0,4
731,Greedy Williams\WillGr00,2019,22,2-46,CLE,NFL,12,12,1,0,0,4
732,K'Waun Williams\WillKW00,2019,28,,SFO,NFL,15,8,1,0,0,4
733,Tramon Williams\WillTr99,2019,36,,GNB,NFL,16,7,1,0,0,4
734,Eric Wilson\WilsEr00,2019,25,,MIN,NFL,16,6,1,0,0,4
735,Tavon Wilson\WilsTa00,2019,29,2-48,DET,NFL,16,13,1,0,0,4
736,Jason Witten\WittJa00,2019,37,3-69,DAL,NFL,16,16,1,0,0,4
737,Isaiah Wynn\WynnIs00,2019,23,1-23,NWE,NFL,8,8,1,0,0,4
738,Isaac Yiadom\YiadIs00,2019,23,3-99,DEN,NFL,16,8,1,0,0,4
739,Nelson Agholor\AghoNe00,2019,26,1-20,PHI,NFL,11,10,1,0,0,3
740,Jamal Agnew\AgneJa00,2019,24,5-165,DET,NFL,13,0,1,0,0,3
741,Azeez Al-Shaair\AlShAz00,2019,22,,SFO,NFL,15,4,1,0,0,3
742,Geronimo Allison\AlliGe01,2019,25,,GNB,NFL,16,6,1,0,0,3
743,Ryan Anderson\AndeRy00,2019,25,2-49,WAS,NFL,16,4,1,0,0,3
744,John Atkins\AtkiJo01,2019,27,,DET,NFL,12,6,1,0,0,3
745,Allen Bailey\BailAl00,2019,30,3-86,ATL,NFL,15,5,1,0,0,3
746,Tarell Basham\BashTa00,2019,25,3-80,NYJ,NFL,16,2,1,0,0,3
747,Tony Bergstrom\BergTo00,2019,33,3-95,WAS,NFL,16,6,1,0,0,3
748,Tyus Bowser\BowsTy00,2019,24,2-47,BAL,NFL,16,0,1,0,0,3
749,Miles Boykin\BoykMi00,2019,23,3-93,BAL,NFL,16,11,1,0,0,3
750,Tramaine Brock\BrocTr00,2019,31,,2TM,NFL,14,11,1,0,0,3
751,Zach Brown\BrowZa00,2019,30,2-52,PHI,NFL,6,6,1,0,0,3
752,Deone Bucannon\BucaDe00,2019,27,1-27,2TM,NFL,14,1,1,0,0,3
753,Morgan Burnett\BurnMo99,2019,30,3-71,CLE,NFL,8,8,1,0,0,3
754,Damiere Byrd\ByrdDa00,2019,26,,ARI,NFL,11,3,1,0,0,3
755,Shaq Calhoun\CalhSh01,2019,23,,MIA,NFL,10,7,1,0,0,3
756,T.J. Carrie\CarrTr00,2019,29,7-219,CLE,NFL,16,6,1,0,0,3
757,Jermaine Carter\CartJe00,2019,24,5-161,CAR,NFL,16,5,1,0,0,3
758,Blake Cashman\CashBl00,2019,23,5-157,NYJ,NFL,7,5,1,0,0,3
759,Keelan Cole\ColeKe00,2019,26,,JAX,NFL,16,1,1,0,0,3
760,Logan Cooke\CookLo00,2019,24,7-247,JAX,NFL,16,0,1,0,0,3
761,Brandon Copeland\CopeBr00,2019,28,,NYJ,NFL,12,3,1,0,0,3
762,Austin Corbett\CorbAu00,2019,24,2-33,2TM,NFL,11,7,1,0,0,3
763,Keke Coutee\CoutKe00,2019,22,4-103,HOU,NFL,9,4,1,0,0,3
764,Tyrell Crosby\CrosTy00,2019,24,5-153,DET,NFL,16,5,1,0,0,3
765,Vinny Curry\CurrVi00,2019,31,2-59,PHI,NFL,16,2,1,0,0,3
766,Jamel Dean\DeanJa00,2019,23,3-94,TAM,NFL,13,5,1,0,0,3
767,Andre Dillard\DillAn00,2019,24,1-22,PHI,NFL,16,4,1,0,0,3
768,Phillip Dorsett\DorsPh00,2019,26,1-29,NWE,NFL,14,4,1,0,0,3
769,Jamil Douglas\DougJa00,2019,27,4-114,TEN,NFL,15,5,1,0,0,3
770,Rasul Douglas\DougRa00,2019,24,3-99,PHI,NFL,16,6,1,0,0,3
771,Dakota Dozier\DoziDa00,2019,28,4-137,MIN,NFL,16,4,1,0,0,3
772,Jeff Driskel\DrisJe00,2019,26,6-207,DET,NFL,3,3,1,0,0,3
773,Brandon Dunn\DunnBr00,2019,27,,HOU,NFL,16,6,1,0,0,3
774,Nick Easton\EastNi00,2019,27,,NOR,NFL,10,6,1,0,0,3
775,Eric Ebron\EbroEr00,2019,26,1-10,IND,NFL,11,2,1,0,0,3
776,Chase Edmonds\EdmoCh00,2019,23,4-134,ARI,NFL,13,2,1,0,0,3
777,Chuma Edoga\EdogCh00,2019,22,3-92,NYJ,NFL,8,8,1,0,0,3
778,Lac Edwards\EdwaLa01,2019,27,7-235,NYJ,NFL,16,0,1,0,0,3
779,Mike Edwards\EdwaMi01,2019,23,3-99,TAM,NFL,15,7,1,0,0,3
780,T.J. Edwards\EdwaTJ02,2019,23,,PHI,NFL,16,4,1,0,0,3
781,Samuel Eguavoen\EguaSa00,2019,26,,MIA,NFL,16,6,1,0,0,3
782,Tyler Eifert\EifeTy00,2019,29,1-21,CIN,NFL,16,4,1,0,0,3
783,Jake Elliott\ElliJa03,2019,24,5-153,PHI,NFL,16,0,1,0,0,3
784,Gerald Everett\EverGe00,2019,25,2-44,LAR,NFL,13,2,1,0,0,3
785,Ka'imi Fairbairn\FairKa01,2019,25,,HOU,NFL,16,0,1,0,0,3
786,Darren Fells\FellDa01,2019,33,,HOU,NFL,16,14,1,0,0,3
787,Cameron Fleming\FlemCa00,2019,27,4-140,DAL,NFL,14,3,1,0,0,3
788,Taylor Gabriel\GabrTa00,2019,28,,CHI,NFL,9,7,1,0,0,3
789,Chauncey Gardner-Johnson\GardCh00,2019,22,4-105,NOR,NFL,16,7,1,0,0,3
790,Matt Gay\GayxMa00,2019,25,5-145,TAM,NFL,16,0,1,0,0,3
791,Reggie Gilbert\GilbRe01,2019,26,,TEN,NFL,11,5,1,0,0,3
792,Denzelle Good\GoodDe01,2019,28,7-255,OAK,NFL,16,5,1,0,0,3
793,Josh Gordon\GordJo02,2019,28,2-1,2TM,NFL,11,7,1,0,0,3
794,Kamu Grugier-Hill\GrugKa00,2019,25,6-208,PHI,NFL,10,6,1,0,0,3
795,Nate Hairston\HairNa00,2019,25,5-158,NYJ,NFL,11,6,1,0,0,3
796,Kelvin Harmon\HarmKe00,2019,23,6-206,WAS,NFL,16,8,1,0,0,3
797,Davontae Harris\HarrDa05,2019,24,5-151,DEN,NFL,16,6,1,0,0,3
798,Jonotthan Harrison\HarrJo03,2019,28,,NYJ,NFL,16,10,1,0,0,3
799,Dwayne Haskins\HaskDw00,2019,22,1-15,WAS,NFL,9,7,1,0,0,3
800,Stephen Hauschka\HausSt00,2019,34,,BUF,NFL,16,0,1,0,0,3
801,D.J. Hayden\HaydDJ00,2019,29,1-12,JAX,NFL,15,8,1,0,0,3
802,Johnny Hekker\HekkJo00,2019,29,,LAR,NFL,16,0,1,0,0,3
803,Akiem Hicks\HickAk00,2019,30,3-89,CHI,NFL,5,5,1,0,0,3
804,B.J. Hill\HillB.00,2019,24,3-69,NYG,NFL,16,5,1,0,0,3
805,Brian Hill\HillBr02,2019,24,5-156,ATL,NFL,12,2,1,0,0,3
806,Justice Hill\HillJu00,2019,22,4-113,BAL,NFL,16,0,1,0,0,3
807,T.J. Hockenson\HockTJ00,2019,22,1-8,DET,NFL,12,7,1,0,0,3
808,Jacob Hollister\HollJa03,2019,26,,SEA,NFL,11,3,1,0,0,3
809,Dustin Hopkins\HopkDu00,2019,29,6-177,WAS,NFL,16,0,1,0,0,3
810,Adam Humphries\HumpAd00,2019,26,,TEN,NFL,12,3,1,0,0,3
811,Kareem Hunt\HuntKa00,2019,24,3-86,CLE,NFL,8,3,1,0,0,3
812,Margus Hunt\HuntMa00,2019,32,2-53,IND,NFL,16,5,1,0,0,3
813,Allen Hurns\HurnAl01,2019,28,,MIA,NFL,14,7,1,0,0,3
814,Maurice Hurst\HursMa00,2019,24,5-140,OAK,NFL,16,4,1,0,0,3
815,Blake Jarwin\JarwBl00,2019,25,,DAL,NFL,16,7,1,0,0,3
816,John Jenkins\JenkJo00,2019,30,3-82,MIA,NFL,16,5,1,0,0,3
817,Josey Jewell\JeweJo00,2019,25,4-106,DEN,NFL,15,3,1,0,0,3
818,Jaleel Johnson\JohnJa09,2019,25,4-109,MIN,NFL,16,3,1,0,0,3
819,Kerryon Johnson\JohnKe06,2019,22,2-43,DET,NFL,8,7,1,0,0,3
820,Lonnie Johnson\JohnLo01,2019,22,2-54,HOU,NFL,14,7,1,0,0,3
821,Marcus Johnson\JohnMa07,2019,25,,IND,NFL,8,6,1,0,0,3
822,Olabisi Johnson\JohnOl00,2019,22,7-247,MIN,NFL,16,6,1,0,0,3
823,Roderick Johnson\JohnRo06,2019,24,5-160,HOU,NFL,16,3,1,0,0,3
824,Taron Johnson\JohnTa01,2019,23,4-121,BUF,NFL,12,7,1,0,0,3
825,Cameron Johnston\JohnCa02,2019,27,,PHI,NFL,16,0,1,0,0,3
826,Jamarco Jones\JoneJa08,2019,23,5-168,SEA,NFL,15,3,1,0,0,3
827,Karl Joseph\JoseKa00,2019,26,1-14,OAK,NFL,9,9,1,0,0,3
828,Lamarcus Joyner\JoynLa00,2019,29,2-41,OAK,NFL,14,10,1,0,0,3
829,Kyle Juszczyk\JuszKy00,2019,28,4-130,SFO,NFL,12,12,1,1,0,3
830,Dennis Kelly\KellDe00,2019,29,5-153,TEN,NFL,15,4,1,0,0,3
831,Brett Kern\KernBr20,2019,33,,TEN,NFL,16,0,1,1,1,3
832,Dawson Knox\KnoxDa00,2019,23,3-96,BUF,NFL,15,11,1,0,0,3
833,Younghoe Koo\KooxYo00,2019,25,,ATL,NFL,8,0,1,0,0,3
834,Eric Kush\KushEr00,2019,30,6-170,CLE,NFL,16,7,1,0,0,3
835,Harvey Langi\LangHa00,2019,27,,NYJ,NFL,16,3,1,0,0,3
836,Shaq Lawson\LawsSh00,2019,25,1-19,BUF,NFL,15,0,1,0,0,3
837,Andy Lee\LeexAn20,2019,37,6-188,ARI,NFL,15,0,1,0,0,3
838,Dion Lewis\LewiDi00,2019,29,5-149,TEN,NFL,16,1,1,0,0,3
839,Drew Lock\LockDr00,2019,23,2-42,DEN,NFL,5,5,1,0,0,3
840,Rick Lovato\LovaRi00,2019,27,,PHI,NFL,16,0,1,1,0,3
841,Avonte Maddox\MaddAv00,2019,23,4-125,PHI,NFL,12,6,1,0,0,3
842,Eli Manning\MannEl00,2019,38,1-1,NYG,NFL,4,4,1,0,0,3
843,Arthur Maulet\MaulAr00,2019,26,,NYJ,NFL,12,6,1,0,0,3
844,Josh Mauro\MaurJo00,2019,28,,OAK,NFL,13,7,1,0,0,3
845,Bobby McCain\McCaBo01,2019,26,5-145,MIA,NFL,9,8,1,0,0,3
846,J.D. McKissic\McKiJ.00,2019,26,,DET,NFL,16,3,1,0,0,3
847,Patrick Mekari\MekaPa00,2019,22,,BAL,NFL,11,5,1,0,0,3
848,Rashaan Melvin\MelvRa00,2019,30,,DET,NFL,13,12,1,0,0,3
849,Jakobi Meyers\MeyeJa01,2019,23,,NWE,NFL,15,1,1,0,0,3
850,David Moore\MoorDa03,2019,24,7-226,SEA,NFL,14,1,1,0,0,3
851,Fabian Moreau\MoreFa00,2019,25,3-81,WAS,NFL,12,7,1,0,0,3
852,Avery Moss\MossAv00,2019,25,5-167,MIA,NFL,11,8,1,0,0,3
853,Al-Quadin Muhammad\MuhaAl00,2019,24,6-196,IND,NFL,16,4,1,0,0,3
854,Trayvon Mullen\MullTr00,2019,22,2-40,OAK,NFL,16,10,1,0,0,3
855,Jason Myers\MyerJa00,2019,28,,SEA,NFL,16,0,1,0,0,3
856,Nik Needham\NeedNi00,2019,23,,MIA,NFL,12,11,1,0,0,3
857,Josh Norman\NormJo01,2019,32,5-143,WAS,NFL,12,8,1,0,0,3
858,Joseph Noteboom\NoteJo00,2019,24,3-89,LAR,NFL,6,6,1,0,0,3
859,Uchenna Nwosu\NwosUc00,2019,23,2-48,LAC,NFL,16,3,1,0,0,3
860,Ifeadi Odenigbo\OdenIf00,2019,25,7-220,MIN,NFL,16,0,1,0,0,3
861,Emmanuel Ogbah\OgbaEm00,2019,26,2-32,KAN,NFL,10,4,1,0,0,3
862,Russell Okung\OkunRu20,2019,32,1-6,LAC,NFL,6,6,1,0,0,3
863,Foyesade Oluokun\OluoFo00,2019,24,6-200,ATL,NFL,16,3,1,0,0,3
864,Michael Palardy\PalaMi00,2019,27,,CAR,NFL,16,0,1,0,0,3
865,Will Parks\ParkWi01,2019,25,6-219,DEN,NFL,14,7,1,0,0,3
866,Donald Payne\PaynDo00,2019,25,,JAX,NFL,9,5,1,0,0,3
867,Rashaad Penny\PennRa00,2019,23,1-27,SEA,NFL,10,0,1,0,0,3
868,Patrick Peterson\PetePa00,2019,29,1-5,ARI,NFL,10,10,1,0,0,3
869,Kevin Pierre-Louis\PierKe00,2019,28,4-132,CHI,NFL,14,3,1,0,0,3
870,Martinas Rankin\RankMa00,2019,25,3-80,KAN,NFL,6,5,1,0,0,3
871,Haason Reddick\ReddHa00,2019,25,1-13,ARI,NFL,16,5,1,0,0,3
872,Jalen Reeves-Maybin\ReevJa00,2019,24,4-124,DET,NFL,16,3,1,0,0,3
873,Josh Reynolds\ReynJo00,2019,24,4-117,LAR,NFL,16,2,1,0,0,3
874,Jalen Richard\RichJa01,2019,26,,OAK,NFL,16,0,1,0,0,3
875,Hassan Ridgeway\RidgHa00,2019,25,4-116,PHI,NFL,7,5,1,0,0,3
876,John Ross\RossJo00,2019,25,1-9,CIN,NFL,8,8,1,0,0,3
877,Mason Rudolph\RudoMa00,2019,24,3-76,PIT,NFL,10,8,1,0,0,3
878,Jaylen Samuels\SamuJa00,2019,23,5-165,PIT,NFL,14,4,1,0,0,3
879,Khalen Saunders\SaunKh00,2019,23,3-84,KAN,NFL,12,4,1,0,0,3
880,Boston Scott\ScotBo02,2019,24,6-201,PHI,NFL,11,2,1,0,0,3
881,Austin Seibert\SeibAu00,2019,23,5-170,CLE,NFL,16,0,1,0,0,3
882,Tajae Sharpe\SharTa00,2019,25,5-140,TEN,NFL,15,6,1,0,0,3
883,Irv Smith Jr.\SmitIr01,2019,21,2-50,MIN,NFL,16,7,1,0,0,3
884,Benny Snell\SnelBe00,2019,21,4-122,PIT,NFL,13,2,1,0,0,3
885,Damion Square\SquaDa00,2019,30,,LAC,NFL,16,4,1,0,0,3
886,Xavier Su'a-Filo\Sua-Xa00,2019,28,2-33,DAL,NFL,11,4,1,0,0,3
887,Demaryius Thomas\ThomDe03,2019,32,1-22,NYJ,NFL,11,10,1,0,0,3
888,Solomon Thomas\ThomSo00,2019,24,1-3,SFO,NFL,16,3,1,0,0,3
889,Darian Thompson\ThomDa05,2019,26,3-71,DAL,NFL,15,4,1,0,0,3
890,Jalen Thompson\ThomJa04,2019,21,5-1,ARI,NFL,15,9,1,0,0,3
891,Tedric Thompson\ThomTe00,2019,24,4-111,SEA,NFL,6,6,1,0,0,3
892,Drue Tranquill\TranDr00,2019,24,4-130,LAC,NFL,15,3,1,0,0,3
893,Stephon Tuitt\TuitSt00,2019,26,2-46,PIT,NFL,6,6,1,0,0,3
894,Earl Watford\WatfEa00,2019,29,4-116,TAM,NFL,15,4,1,0,0,3
895,Jermaine Whitehead\WhitJe02,2019,26,,CLE,NFL,8,8,1,0,0,3
896,Darious Williams\WillDa09,2019,26,,LAR,NFL,12,3,1,0,0,3
897,Darrel Williams\WillDa10,2019,24,,KAN,NFL,12,0,1,0,0,3
898,P.J. Williams\WillP.00,2019,26,3-78,NOR,NFL,14,8,1,0,0,3
899,Preston Williams\WillPr01,2019,22,,MIA,NFL,8,7,1,0,0,3
900,Quincy Williams\WillQu01,2019,23,3-98,JAX,NFL,11,8,1,0,0,3
901,Khari Willis\WillKh00,2019,23,4-109,IND,NFL,14,9,1,0,0,3
902,Albert Wilson\WilsAl02,2019,27,,MIA,NFL,13,4,1,0,0,3
903,Chase Winovich\WinoCh00,2019,24,3-77,NWE,NFL,16,0,1,0,0,3
904,Brian Winters\WintBr00,2019,28,3-72,NYJ,NFL,9,9,1,0,0,3
905,Ahkello Witherspoon\WithAh00,2019,24,3-66,SFO,NFL,10,8,1,0,0,3
906,Al Woods\WoodAl99,2019,32,4-123,SEA,NFL,14,5,1,0,0,3
907,Kenny Young\YounKe03,2019,25,4-122,2TM,NFL,14,3,1,0,0,3
908,Ameer Abdullah\AbduAm00,2019,26,2-54,MIN,NFL,16,0,1,0,0,2
909,Matthew Adams\AdamMa00,2019,24,7-221,IND,NFL,16,4,1,0,0,2
910,Montravius Adams\AdamMo00,2019,24,3-93,GNB,NFL,14,2,1,0,0,2
911,Jahleel Addae\AddaJa00,2019,29,,HOU,NFL,16,3,1,0,0,2
912,Mackensie Alexander\AlexMa01,2019,26,2-54,MIN,NFL,13,4,1,0,0,2
913,Brandon Allen\AlleBr00,2019,27,6-201,DEN,NFL,3,3,1,0,0,2
914,Kiko Alonso\AlonKi00,2019,29,2-46,NOR,NFL,13,4,1,0,0,2
915,Bryan Anger\AngeBr00,2019,31,3-70,HOU,NFL,14,0,1,0,0,2
916,Ezekiel Ansah\AnsaEz00,2019,30,1-5,SEA,NFL,11,1,1,0,0,2
917,Ryquell Armstead\ArmsRy00,2019,23,5-140,JAX,NFL,16,1,1,0,0,2
918,Dorance Armstrong\ArmsDo00,2019,22,4-116,DAL,NFL,15,0,1,0,0,2
919,Blessuan Austin\AustBl00,2019,23,6-196,NYJ,NFL,7,6,1,0,0,2
920,Tavon Austin\AustTa00,2019,29,1-8,DAL,NFL,14,0,1,0,0,2
921,Michael Badgley\BadgMi00,2019,24,,LAC,NFL,8,0,1,0,0,2
922,Jake Bailey\BailJa00,2019,22,5-163,NWE,NFL,16,0,1,0,0,2
923,Cody Barton\BartCo00,2019,23,3-88,SEA,NFL,16,2,1,0,0,2
924,Giovani Bernard\BernGi00,2019,28,2-37,CIN,NFL,16,2,1,0,0,2
925,Jordan Berry\BerrJo00,2019,28,,PIT,NFL,16,0,1,0,0,2
926,Justin Bethel\BethJu00,2019,29,6-177,2TM,NFL,16,0,1,0,0,2
927,Marquise Blair\BlaiMa01,2019,22,2-47,SEA,NFL,14,3,1,0,0,2
928,Ronald Blair\BlaiRo00,2019,26,5-142,SFO,NFL,9,0,1,0,0,2
929,Mike Boone\BoonMi00,2019,24,,MIN,NFL,16,2,1,0,0,2
930,Cameron Brate\BratCa00,2019,28,,TAM,NFL,16,6,1,0,0,2
931,Andrew Brown\BrowAn05,2019,24,5-158,CIN,NFL,14,1,1,0,0,2
932,Anthony Brown\BrowAn02,2019,26,6-189,DAL,NFL,9,4,1,0,0,2
933,Jaron Brown\BrowJa03,2019,29,,SEA,NFL,14,4,1,0,0,2
934,Jatavis Brown\BrowJa05,2019,25,5-175,LAC,NFL,13,1,1,0,0,2
935,Malcolm Brown\BrowMa03,2019,26,,LAR,NFL,14,1,1,0,0,2
936,Jonathan Bullard\BullJo00,2019,26,3-72,ARI,NFL,9,6,1,0,0,2
937,Vontaze Burfict\BurfVo00,2019,29,,OAK,NFL,4,4,1,0,0,2
938,Shilique Calhoun\CalhSh00,2019,27,3-75,NWE,NFL,15,1,1,0,0,2
939,Austin Calitro\CaliAu00,2019,25,,JAX,NFL,13,4,1,0,0,2
940,Maurice Canady\CanaMa00,2019,25,6-209,2TM,NFL,13,3,1,0,0,2
941,Daniel Carlson\CarlDa00,2019,24,5-167,OAK,NFL,16,0,1,0,0,2
942,DeAndre Carter\CartDe02,2019,26,,HOU,NFL,16,3,1,0,0,2
943,Taco Charlton\CharTa00,2019,25,1-28,MIA,NFL,10,5,1,0,0,2
944,Geron Christian\ChriGe01,2019,23,3-74,WAS,NFL,16,2,1,0,0,2
945,Bradley Chubb\ChubBr00,2019,23,1-5,DEN,NFL,4,4,1,0,0,2
946,Will Clapp\ClapWi00,2019,24,7-245,NOR,NFL,14,3,1,0,0,2
947,Charles Clay\ClayCh00,2019,30,6-174,ARI,NFL,15,10,1,0,0,2
948,Adrian Clayborn\ClayAd00,2019,31,1-20,ATL,NFL,15,1,1,0,0,2
949,A.J. Cole\ColeAJ01,2019,24,,OAK,NFL,16,0,1,0,0,2
950,Mason Cole\ColeMa02,2019,23,3-97,ARI,NFL,16,2,1,0,0,2
951,Britton Colquitt\ColqBr00,2019,34,,MIN,NFL,16,0,1,0,0,2
952,Dustin Colquitt\ColqDu20,2019,37,3-99,KAN,NFL,16,0,1,0,0,2
953,Tom Compton\CompTo00,2019,30,6-193,NYJ,NFL,14,5,1,0,0,2
954,William Compton\CompWi00,2019,30,,OAK,NFL,9,4,1,0,0,2
955,Ryan Connelly\ConnRy00,2019,24,5-143,NYG,NFL,4,3,1,0,0,2
956,Pharoh Cooper\CoopPh00,2019,24,4-117,2TM,NFL,13,1,1,0,0,2
957,Morgan Cox\CoxxMo00,2019,33,,BAL,NFL,16,0,1,1,0,2
958,Jack Crawford\CrawJa00,2019,31,5-158,ATL,NFL,16,4,1,0,0,2
959,Marcell Dareus\DareMa00,2019,29,1-3,JAX,NFL,6,6,1,0,0,2
960,Tae Davis\DaviTa00,2019,23,,2TM,NFL,13,1,1,0,0,2
961,Duke Dawson\DawsDu00,2019,23,2-56,DEN,NFL,14,3,1,0,0,2
962,Sheldon Day\DayxSh00,2019,25,4-103,SFO,NFL,16,2,1,0,0,2
963,Darqueze Dennard\DennDa00,2019,28,1-24,CIN,NFL,9,5,1,0,0,2
964,Jordan Devey\DeveJo00,2019,31,,OAK,NFL,4,4,1,0,0,2
965,Michael Dickson\DickMi00,2019,23,5-149,SEA,NFL,16,0,1,0,0,2
966,Will Dissly\DissWi00,2019,23,4-120,SEA,NFL,6,6,1,0,0,2
967,Riley Dixon\DixoRi00,2019,26,7-228,NYG,NFL,16,0,1,0,0,2
968,Javien Elliott\ElliJa01,2019,26,,CAR,NFL,16,3,1,0,0,2
969,Kyler Fackrell\FackKy00,2019,28,3-88,GNB,NFL,16,0,1,0,0,2
970,Brandon Facyson\FacyBr00,2019,25,,LAC,NFL,16,4,1,0,0,2
971,Folorunso Fatukasi\FatuFo00,2019,24,6-180,NYJ,NFL,14,0,1,0,0,2
972,James Ferentz\FereJa00,2019,30,,NWE,NFL,15,2,1,0,0,2
973,Sam Ficken\FickSa00,2019,27,,NYJ,NFL,15,0,1,0,0,2
974,Sharif Finch\FincSh00,2019,24,,TEN,NFL,8,3,1,0,0,2
975,B.J. Finney\FinnB.01,2019,28,,PIT,NFL,16,4,1,0,0,2
976,Anthony Firkser\FirkAn00,2019,24,,TEN,NFL,15,1,1,0,0,2
977,Nick Foles\FoleNi00,2019,30,3-88,JAX,NFL,4,4,1,0,0,2
978,Kai Forbath\ForbKa00,2019,32,,2TM,NFL,4,0,1,0,0,2
979,Dee Ford\FordDe00,2019,28,1-23,SFO,NFL,11,2,1,0,0,2
980,Isaiah Ford\FordIs00,2019,23,7-237,MIA,NFL,8,0,1,0,0,2
981,Bennie Fowler\FowlBe00,2019,28,,NYG,NFL,8,2,1,0,0,2
982,Morgan Fox\FoxxMo00,2019,25,,LAR,NFL,16,3,1,0,0,2
983,Kendall Fuller\FullKe00,2019,24,3-84,KAN,NFL,11,4,1,0,0,2
984,Ben Garland\GarlBe00,2019,31,,SFO,NFL,9,3,1,0,0,2
985,Rashan Gary\GaryRa00,2019,22,1-12,GNB,NFL,16,0,1,0,0,2
986,Nick Gates\GateNi00,2019,24,,NYG,NFL,16,3,1,0,0,2
987,Ben Gedeon\GedeBe00,2019,25,4-120,MIN,NFL,8,5,1,0,0,2
988,Jamie Gillan\GillJa00,2019,22,,CLE,NFL,16,0,1,0,0,2
989,Cordy Glenn\GlenCo00,2019,30,2-41,CIN,NFL,6,5,1,0,0,2
990,Najee Goode\GoodNa00,2019,30,5-140,JAX,NFL,10,4,1,0,0,2
991,Marquise Goodwin\GoodMa00,2019,29,3-78,SFO,NFL,9,6,1,0,0,2
992,Adam Gotsis\GotsAd00,2019,27,2-63,DEN,NFL,9,3,1,0,0,2
993,Jakeem Grant\GranJa00,2019,27,6-186,MIA,NFL,10,2,1,0,0,2
994,Robert Griffin\GrifRo01,2019,29,1-2,BAL,NFL,7,1,1,0,0,2
995,Ryan Griffin\GrifRy00,2019,29,6-201,NYJ,NFL,13,13,1,0,0,2
996,Derrius Guice\GuicDe00,2019,22,2-59,WAS,NFL,5,1,1,0,0,2
997,Matt Haack\HaacMa00,2019,25,,MIA,NFL,16,0,1,0,0,2
998,Grant Haley\HaleGr00,2019,23,,NYG,NFL,15,3,1,0,0,2
999,Marvin Hall\HallMa02,2019,26,,DET,NFL,9,0,1,0,0,2
1000,C.J. Ham\HamxC.00,2019,26,,MIN,NFL,16,7,1,1,0,2
1001,DaeSean Hamilton\HamiDa01,2019,24,4-113,DEN,NFL,16,2,1,0,0,2
1002,Shaun Dion Hamilton\DionSh00,2019,24,6-197,WAS,NFL,16,0,1,0,0,2
1003,Justin Hardy\HardJu00,2019,28,4-107,ATL,NFL,16,1,1,0,0,2
1004,Charles Harris\HarrCh03,2019,24,1-22,MIA,NFL,14,5,1,0,0,2
1005,Marcell Harris\HarrMa03,2019,25,6-184,SFO,NFL,13,4,1,0,0,2
1006,Trent Harris\HarrTr01,2019,24,,MIA,NFL,11,3,1,0,0,2
1007,Will Harris\HarrWi02,2019,24,3-81,DET,NFL,16,6,1,0,0,2
1008,Trey Hendrickson\HendTr00,2019,25,3-103,NOR,NFL,13,3,1,0,0,2
1009,Delano Hill\HillDe02,2019,24,3-95,SEA,NFL,12,4,1,0,0,2
1010,Josh Hill\HillJo02,2019,29,,NOR,NFL,16,11,1,0,0,2
1011,Rashod Hill\HillRa01,2019,27,,MIN,NFL,15,1,1,0,0,2
1012,Xavien Howard\HowaXa00,2019,26,2-38,MIA,NFL,5,5,1,0,0,2
1013,Kevin Huber\HubeKe20,2019,34,5-142,CIN,NFL,16,0,1,0,0,2
1014,Mike Hughes\HughMi00,2019,22,1-30,MIN,NFL,14,3,1,0,0,2
1015,James Hurst\HursJa00,2019,28,,BAL,NFL,16,2,1,0,0,2
1016,Kerry Hyder\HydeKe01,2019,28,,DAL,NFL,16,0,1,0,0,2
1017,Andy Isabella\IsabAn00,2019,23,2-62,ARI,NFL,15,1,1,0,0,2
1018,Branden Jackson\JackBr04,2019,27,,SEA,NFL,15,3,1,0,0,2
1019,Derwin James\JameDe00,2019,23,1-17,LAC,NFL,5,5,1,0,0,2
1020,Richie James\JameRi00,2019,24,7-240,SFO,NFL,16,1,1,0,0,2
1021,John Jerry\JerrJo20,2019,33,3-73,CIN,NFL,11,5,1,0,0,2
1022,Austin Johnson\JohnAu01,2019,25,2-43,TEN,NFL,16,1,1,0,0,2
1023,Darryl Johnson\JohnDa10,2019,22,7-225,BUF,NFL,16,0,1,0,0,2
1024,John Johnson\JohnJo10,2019,24,3-91,LAR,NFL,6,5,1,0,0,2
1025,KeeSean Johnson\JohnKe07,2019,23,6-174,ARI,NFL,10,4,1,0,0,2
1026,Trumaine Johnson\JohnTr05,2019,29,3-65,NYJ,NFL,7,5,1,0,0,2
1027,Ty Johnson\JohnTy02,2019,22,6-186,DET,NFL,16,1,1,0,0,2
1028,Dre'Mont Jones\JoneDr00,2019,22,3-71,DEN,NFL,14,1,1,0,0,2
1029,Sidney Jones\JoneSi00,2019,23,2-43,PHI,NFL,12,4,1,0,0,2
1030,Zay Jones\JoneZa00,2019,24,2-37,2TM,NFL,15,9,1,0,0,2
1031,Ryan Kalil\KaliRy20,2019,34,2-59,NYJ,NFL,7,7,1,0,0,2
1032,Jayron Kearse\KearJa00,2019,25,7-244,MIN,NFL,15,3,1,0,0,2
1033,Zach Kerr\KerrZa00,2019,29,,ARI,NFL,12,3,1,0,0,2
1034,Akeem King\KingAk00,2019,27,7-249,SEA,NFL,13,3,1,0,0,2
1035,Dre Kirkpatrick\KirkDr00,2019,30,1-17,CIN,NFL,6,6,1,0,0,2
1036,Sam Koch\KochSa20,2019,37,6-203,BAL,NFL,16,0,1,0,0,2
1037,Jake Kumerow\KumeJa00,2019,27,,GNB,NFL,14,4,1,0,0,2
1038,Patrick Laird\LairPa00,2019,24,,MIA,NFL,15,4,1,0,0,2
1039,Cody Latimer\LatiCo00,2019,27,2-56,NYG,NFL,15,10,1,0,0,2
1040,Devaroe Lawrence\LawrDe02,2019,27,,CLE,NFL,11,2,1,0,0,2
1041,Carl Lawson\LawsCa00,2019,24,4-116,CIN,NFL,12,2,1,0,0,2
1042,Nevin Lawson\LawsNe00,2019,28,4-133,OAK,NFL,11,5,1,0,0,2
1043,Darron Lee\LeexDa00,2019,25,1-20,KAN,NFL,16,2,1,0,0,2
1044,Chris Lindstrom\LindCh00,2019,22,1-14,ATL,NFL,5,5,1,0,0,2
1045,Kyle Long\LongKy00,2019,31,1-20,CHI,NFL,4,4,1,0,0,2
1046,Joe Looney\LoonJo01,2019,29,4-117,DAL,NFL,16,1,1,0,0,2
1047,Julian Love\LoveJu00,2019,21,4-108,NYG,NFL,15,5,1,0,0,2
1048,Isaiah Mack\MackIs00,2019,23,,TEN,NFL,13,1,1,0,0,2
1049,Cassius Marsh\MarsCa00,2019,27,4-108,ARI,NFL,16,3,1,0,0,2
1050,Trey Marshall\MarsTr00,2019,23,,DEN,NFL,16,2,1,0,0,2
1051,Sam Martin\MartSa01,2019,29,5-165,DET,NFL,16,0,1,0,0,2
1052,Wes Martin\MartWe00,2019,23,4-131,WAS,NFL,9,5,1,0,0,2
1053,Benson Mayowa\MayoBe00,2019,28,,OAK,NFL,15,0,1,0,0,2
1054,Justin McCray\McCrJu00,2019,27,,CLE,NFL,15,4,1,0,0,2
1055,Vance McDonald\McDoVa00,2019,29,2-55,PIT,NFL,14,14,1,0,0,2
1056,Isaiah McKenzie\McKeIs00,2019,24,5-172,BUF,NFL,15,8,1,0,0,2
1057,Chase McLaughlin\McLaCh00,2019,23,,3TM,NFL,11,0,1,0,0,2
1058,Scott Miller\MillSc01,2019,22,6-208,TAM,NFL,10,2,1,0,0,2
1059,Kevin Minter\MintKe00,2019,29,2-45,TAM,NFL,16,2,1,0,0,2
1060,Terrance Mitchell\MitcTe00,2019,27,7-254,CLE,NFL,15,4,1,0,0,2
1061,Matt Moore\MoorMa01,2019,35,,KAN,NFL,6,2,1,0,0,2
1062,Tarvarius Moore\MoorTa00,2019,23,3-95,SFO,NFL,16,3,1,0,0,2
1063,Jimmy Moreland\MoreJi00,2019,24,7-227,WAS,NFL,14,5,1,0,0,2
1064,Thomas Morstead\MorsTh00,2019,33,5-164,NOR,NFL,16,0,1,0,0,2
1065,C.J. Mosley\MoslC.00,2019,27,1-17,NYJ,NFL,2,2,1,0,0,2
1066,Eric Murray\MurrEr00,2019,25,4-106,CLE,NFL,9,4,1,0,0,2
1067,Ben Niemann\NiemBe00,2019,24,,KAN,NFL,16,1,1,0,0,2
1068,Mark Nzeocha\NzeoMa00,2019,29,7-236,SFO,NFL,16,0,1,0,0,2
1069,Pat O'Donnell\ODonPa00,2019,28,6-191,CHI,NFL,16,0,1,0,0,2
1070,Dare Ogunbowale\OgunDa00,2019,25,,TAM,NFL,16,0,1,0,0,2
1071,Romeo Okwara\OkwaRo01,2019,24,,DET,NFL,14,1,1,0,0,2
1072,Brandon Parker\ParkBr01,2019,24,3-65,OAK,NFL,11,3,1,0,0,2
1073,Steven Parker\ParkSt00,2019,24,,MIA,NFL,14,4,1,0,0,2
1074,Tim Patrick\PatrTi00,2019,26,,DEN,NFL,8,2,1,0,0,2
1075,Cordarrelle Patterson\PattCo00,2019,28,1-29,CHI,NFL,16,4,1,1,1,2
1076,Domata Peko\PekoDo20,2019,35,4-123,BAL,NFL,7,3,1,0,0,2
1077,Adrian Phillips\PhilAd00,2019,27,,LAC,NFL,7,5,1,0,0,2
1078,Darius Phillips\PhilDa02,2019,24,5-170,CIN,NFL,8,1,1,0,0,2
1079,Eddy Pineiro\PineEd00,2019,24,,CHI,NFL,16,0,1,0,0,2
1080,Bradley Pinion\PiniBr00,2019,25,5-165,TAM,NFL,16,0,1,0,0,2
1081,Trey Pipkins\PipkTr00,2019,23,3-91,LAC,NFL,13,3,1,0,0,2
1082,Mike Pouncey\PounMi00,2019,30,1-15,LAC,NFL,5,5,1,0,0,2
1083,Byron Pringle\PrinBy00,2019,26,,KAN,NFL,16,0,1,0,0,2
1084,Damion Ratley\RatlDa00,2019,24,6-175,CLE,NFL,13,3,1,0,0,2
1085,Will Redmond\RedmWi00,2019,26,3-68,GNB,NFL,13,4,1,0,0,2
1086,Sheldrick Redwine\RedwSh00,2019,23,4-119,CLE,NFL,12,5,1,0,0,2
1087,Paul Richardson\RichPa01,2019,27,2-45,WAS,NFL,10,6,1,0,0,2
1088,Will Richardson\RichWi01,2019,23,4-129,JAX,NFL,15,2,1,0,0,2
1089,Craig Robertson\RobeCr00,2019,31,,NOR,NFL,15,1,1,0,0,2
1090,Nickell Robey-Coleman\RobeNi00,2019,27,,LAR,NFL,16,3,1,0,0,2
1091,Chester Rogers\RogeCh02,2019,25,,IND,NFL,12,6,1,0,0,2
1092,Rigoberto Sanchez\SancRi00,2019,25,,IND,NFL,16,0,1,0,0,2
1093,Jason Sanders\SandJa00,2019,24,7-229,MIA,NFL,16,0,1,0,0,2
1094,Bo Scarbrough\ScarBo01,2019,23,7-236,DET,NFL,6,5,1,0,0,2
1095,Matt Schaub\SchaMa00,2019,38,3-90,ATL,NFL,6,1,1,0,0,2
1096,Austin Schlottmann\SchlAu00,2019,24,,DEN,NFL,16,4,1,0,0,2
1097,JK Scott\ScotJK00,2019,23,5-172,GNB,NFL,16,0,1,0,0,2
1098,Ricky Seals-Jones\SealRi00,2019,24,,CLE,NFL,14,3,1,0,0,2
1099,Andrew Sendejo\SendAn00,2019,32,,2TM,NFL,15,3,1,0,0,2
1100,Tim Settle\SettTi00,2019,22,5-163,WAS,NFL,15,1,1,0,0,2
1101,David Sharpe\SharDa02,2019,24,4-129,OAK,NFL,9,2,1,0,0,2
1102,LeShaun Sims\SimsLe00,2019,26,5-157,TEN,NFL,14,2,1,0,0,2
1103,Buster Skrine\SkriBu00,2019,30,5-137,CHI,NFL,16,4,1,0,0,2
1104,Andre Smith\SmitAn23,2019,32,1-6,CIN,NFL,6,5,1,0,0,2
1105,Jimmy Smith\SmitJi03,2019,31,1-27,BAL,NFL,9,5,1,0,0,2
1106,Kaden Smith\SmitKa00,2019,22,6-176,NYG,NFL,9,6,1,0,0,2
1107,Tre'Quan Smith\SmitTr03,2019,23,3-91,NOR,NFL,11,6,1,0,0,2
1108,Vyncint Smith\SmitVy00,2019,23,,NYJ,NFL,13,4,1,0,0,2
1109,Dawuane Smoot\SmooDa00,2019,24,3-68,JAX,NFL,16,0,1,0,0,2
1110,Daniel Sorensen\SoreDa01,2019,29,,KAN,NFL,16,3,1,0,0,2
1111,Akeem Spence\SpenAk00,2019,28,4-100,2TM,NFL,15,0,1,0,0,2
1112,Jeremy Sprinkle\SpriJe00,2019,25,5-154,WAS,NFL,16,13,1,0,0,2
1113,Julian Stanford\StanJu00,2019,29,,BUF,NFL,16,0,1,0,0,2
1114,D.J. Swearinger\SweaDJ00,2019,28,2-57,3TM,NFL,9,7,1,0,0,2
1115,Josh Sweat\SweaJo00,2019,22,4-130,PHI,NFL,16,0,1,0,0,2
1116,Sione Takitaki\TakiSi00,2019,24,3-80,CLE,NFL,15,1,1,0,0,2
1117,Aqib Talib\TaliAq99,2019,33,1-20,LAR,NFL,5,5,1,0,0,2
1118,Roderic Teamer\TeamRo00,2019,22,,LAC,NFL,7,6,1,0,0,2
1119,Joe Thomas\ThomJo04,2019,28,,DAL,NFL,15,2,1,0,0,2
1120,Jerry Tillery\TillJe00,2019,23,1-28,LAC,NFL,15,3,1,0,0,2
1121,Laquon Treadwell\TreaLa00,2019,24,1-23,MIN,NFL,13,1,1,0,0,2
1122,Malik Turner\TurnMa00,2019,23,,SEA,NFL,15,3,1,0,0,2
1123,Shy Tuttle\TuttSh00,2019,24,,NOR,NFL,16,1,1,0,0,2
1124,C.J. Uzomah\UzomC.00,2019,26,5-157,CIN,NFL,16,16,1,0,0,2
1125,Halapoulivaati Vaitai\VaitHa00,2019,26,5-164,PHI,NFL,16,3,1,0,0,2
1126,Colby Wadman\WadmCo00,2019,24,,DEN,NFL,16,0,1,0,0,2
1127,Delanie Walker\WalkHu00,2019,35,6-175,TEN,NFL,7,4,1,0,0,2
1128,DeMarcus Walker\WalkDe03,2019,25,2-51,DEN,NFL,10,1,1,0,0,2
1129,Mark Walton\WaltMa00,2019,22,4-112,MIA,NFL,7,4,1,0,0,2
1130,Greg Ward\WardGr02,2019,24,,PHI,NFL,7,3,1,0,0,2
1131,Jihad Ward\WardJi02,2019,25,2-44,2TM,NFL,14,0,1,0,0,2
1132,Carlos Watkins\WatkCa00,2019,26,4-142,HOU,NFL,10,1,1,0,0,2
1133,Jaylen Watkins\WatkJa01,2019,28,4-101,LAC,NFL,14,3,1,0,0,2
1134,Stephen Weatherly\WeatSt00,2019,25,7-227,MIN,NFL,16,1,1,0,0,2
1135,Josh Wells\WellJo02,2019,28,,TAM,NFL,13,2,1,0,0,2
1136,Kenny Wiggins\WiggKe00,2019,31,,DET,NFL,14,3,1,0,0,2
1137,Jordan Wilkins\WilkJo01,2019,25,5-169,IND,NFL,14,1,1,0,0,2
1138,Jonathan Williams\WillJo07,2019,25,5-156,IND,NFL,9,1,1,0,0,2
1139,Maxx Williams\WillMa04,2019,25,2-55,ARI,NFL,16,10,1,0,0,2
1140,Brandon Wilson\WilsBr01,2019,25,6-207,CIN,NFL,12,2,1,0,0,2
1141,Jomal Wiltz\WiltJo01,2019,25,,MIA,NFL,14,6,1,0,0,2
1142,Mitch Wishnowsky\WishMi00,2019,27,4-110,SFO,NFL,16,0,1,0,0,2
1143,Stefen Wisniewski\WisnSt01,2019,30,2-48,KAN,NFL,11,2,1,0,0,2
1144,Wesley Woodyard\WoodWe20,2019,33,,TEN,NFL,15,2,1,0,0,2
1145,Jarius Wright\WrigJa02,2019,30,4-118,CAR,NFL,16,9,1,0,0,2
1146,Oshane Ximines\XimiOs00,2019,23,3-95,NYG,NFL,16,2,1,0,0,2
1147,Greg Zuerlein\ZuerGr00,2019,32,6-171,LAR,NFL,16,0,1,0,0,2
1148,Oday Aboushi\AbouOd00,2019,28,5-141,DET,NFL,7,2,1,0,0,1
1149,Sam Acho\AchoSa00,2019,31,4-103,TAM,NFL,8,0,1,0,0,1
1150,Tyrell Adams\AdamTy00,2019,27,,HOU,NFL,5,2,1,0,0,1
1151,Olasunkanmi Adeniyi\AdenOl00,2019,22,,PIT,NFL,16,0,1,0,0,1
1152,Walt Aikens\AikeWa00,2019,28,4-125,MIA,NFL,15,0,1,0,0,1
1153,Maurice Alexander\AlexMa00,2019,28,4-110,BUF,NFL,7,0,1,0,0,1
1154,Mo Alie-Cox\AlieMo00,2019,26,,IND,NFL,16,2,1,0,0,1
1155,Nick Allegretti\AlleNi00,2019,23,7-216,KAN,NFL,7,0,1,0,0,1
1156,Beau Allen\AlleBe00,2019,28,7-224,TAM,NFL,13,0,1,0,0,1
1157,Ryan Allen\AlleRy01,2019,29,,ATL,NFL,8,0,1,0,0,1
1158,Zach Allen\AlleZa01,2019,22,3-65,ARI,NFL,4,1,1,0,0,1
1159,Ugochukwu Amadi\AmadUg00,2019,22,4-132,SEA,NFL,16,0,1,0,0,1
1160,Abdullah Anderson\AndeAb00,2019,23,,CHI,NFL,6,0,1,0,0,1
1161,Eli Ankou\AnkoEl00,2019,25,,CLE,NFL,9,2,1,0,0,1
1162,Stephone Anthony\AnthSt00,2019,27,1-31,NOR,NFL,12,1,1,0,0,1
1163,Troy Apke\ApkeTr00,2019,24,4-109,WAS,NFL,15,2,1,0,0,1
1164,JJ Arcega-Whiteside\ArceJJ00,2019,23,2-57,PHI,NFL,16,5,1,0,0,1
1165,Dan Arnold\ArnoDa00,2019,24,,2TM,NFL,5,1,1,0,0,1
1166,Marcell Ateman\AtemMa00,2019,25,7-228,OAK,NFL,11,0,1,0,0,1
1167,Anthony Averett\AverAn00,2019,25,4-118,BAL,NFL,9,3,1,0,0,1
1168,Genard Avery\AverGe00,2019,24,5-150,2TM,NFL,10,0,1,0,0,1
1169,Kalen Ballage\BallKa00,2019,24,4-131,MIA,NFL,12,6,1,0,0,1
1170,Corey Ballentine\BallCo00,2019,23,6-180,NYG,NFL,13,2,1,0,0,1
1171,Chris Banjo\BanjCh00,2019,29,,ARI,NFL,13,0,1,0,0,1
1172,Zach Banner\BannZa00,2019,26,4-137,PIT,NFL,14,1,1,0,0,1
1173,Ben Banogu\BanoBe00,2019,23,2-49,IND,NFL,16,0,1,0,0,1
1174,Matt Barkley\BarkMa00,2019,29,4-98,BUF,NFL,2,0,1,0,0,1
1175,Kenjon Barner\BarnKe00,2019,29,6-182,ATL,NFL,14,0,1,0,0,1
1176,Daren Bates\BateDa00,2019,29,,TEN,NFL,13,0,1,0,0,1
1177,Ryan Bates\BateRy02,2019,22,,BUF,NFL,8,0,1,0,0,1
1178,De'Vante Bausby\BausDe00,2019,26,,DEN,NFL,5,2,1,0,0,1
1179,Sam Beal\BealSa00,2019,23,3-1,NYG,NFL,6,3,1,0,0,1
1180,Andrew Beck\BeckAn01,2019,23,,DEN,NFL,16,6,1,0,0,1
1181,Chad Beebe\BeebCh00,2019,25,,MIN,NFL,3,0,1,0,0,1
1182,Blake Bell\BellBl00,2019,28,4-117,KAN,NFL,15,7,1,0,0,1
1183,B.J. Bello\BellB.00,2019,25,,NYJ,NFL,8,0,1,0,0,1
1184,Braxton Berrios\BerrBr00,2019,24,6-210,NYJ,NFL,16,0,1,0,0,1
1185,Christian Blake\BlakCh00,2019,23,,ATL,NFL,9,3,1,0,0,1
1186,Chris Board\BoarCh00,2019,24,,BAL,NFL,15,0,1,0,0,1
1187,Corey Bojorquez\BojoCo00,2019,23,,BUF,NFL,16,0,1,0,0,1
1188,Brandon Bolden\BoldBr00,2019,29,,NWE,NFL,15,2,1,0,0,1
1189,Reggie Bonnafon\BonnRe00,2019,23,,CAR,NFL,16,0,1,0,0,1
1190,Devontae Booker\BookDe00,2019,27,4-136,DEN,NFL,16,0,1,0,0,1
1191,Breon Borders\BordBr00,2019,24,,2TM,NFL,12,1,1,0,0,1
1192,Kris Boyd\BoydKr00,2019,23,7-217,MIN,NFL,16,0,1,0,0,1
1193,Hunter Bradley\BradHu00,2019,25,7-239,GNB,NFL,16,0,1,0,0,1
1194,Aaron Brewer\BrewAa00,2019,29,,ARI,NFL,16,0,1,0,0,1
1195,Chandler Brewer\BrewCh01,2019,22,,LAR,NFL,7,0,1,0,0,1
1196,Beau Brinkley\BrinBe00,2019,29,,TEN,NFL,16,0,1,0,0,1
1197,Nate Brooks\BrooNa00,2019,23,,MIA,NFL,3,2,1,0,0,1
1198,Terrence Brooks\BrooTe00,2019,27,3-79,NWE,NFL,15,0,1,0,0,1
1199,Kentrell Brothers\BrotKe00,2019,26,5-160,MIN,NFL,13,1,1,0,0,1
1200,Miles Brown\BrowMi01,2019,22,,ARI,NFL,9,0,1,0,0,1
1201,Tony Brown\BrowTo01,2019,24,,GNB,NFL,9,0,1,0,0,1
1202,Isaiah Buggs\BuggIs00,2019,23,6-192,PIT,NFL,9,0,1,0,0,1
1203,Oren Burks\BurkOr00,2019,24,3-88,GNB,NFL,12,0,1,0,0,1
1204,Artie Burns\BurnAr00,2019,24,1-25,PIT,NFL,10,1,1,0,0,1
1205,Ben Burr-Kirven\BurrBe00,2019,22,5-142,SEA,NFL,16,0,1,0,0,1
1206,Trey Burton\BurtTr01,2019,28,,CHI,NFL,8,5,1,0,0,1
1207,Deon Bush\BushDe00,2019,26,4-124,CHI,NFL,15,0,1,0,0,1
1208,Deon Cain\CainDe00,2019,23,6-185,2TM,NFL,13,6,1,0,0,1
1209,Antonio Callaway\CallAn00,2019,22,4-105,CLE,NFL,4,2,1,0,0,1
1210,Ibraheim Campbell\CampIb00,2019,27,4-115,GNB,NFL,7,3,1,0,0,1
1211,Parris Campbell\CampPa00,2019,22,2-59,IND,NFL,7,3,1,0,0,1
1212,Kameron Canaday\CanaKa00,2019,27,,PIT,NFL,16,0,1,0,0,1
1213,Joe Cardona\CardJo00,2019,27,5-166,NWE,NFL,16,0,1,0,0,1
1214,Derek Carrier\CarrDe00,2019,29,,OAK,NFL,16,4,1,0,0,1
1215,Jamal Carter\CartJa02,2019,25,,ATL,NFL,11,0,1,0,0,1
1216,Sean Chandler\ChanSe00,2019,23,,NYG,NFL,13,0,1,0,0,1
1217,Anthony Chickillo\ChicAn00,2019,27,6-212,PIT,NFL,11,0,1,0,0,1
1218,Marqui Christian\ChriMa00,2019,25,5-167,LAR,NFL,16,1,1,0,0,1
1219,Morris Claiborne\ClaiMo00,2019,29,1-6,KAN,NFL,8,1,1,0,0,1
1220,Adrian Colbert\ColbAd00,2019,26,7-229,MIA,NFL,6,5,1,0,0,1
1221,Dylan Cole\ColeDy00,2019,25,,HOU,NFL,11,0,1,0,0,1
1222,Kurt Coleman\ColeKu99,2019,31,7-244,BUF,NFL,14,0,1,0,0,1
1223,Trevon Coley\ColeTr01,2019,25,,IND,NFL,7,0,1,0,0,1
1224,L.J. Collier\CollLJ00,2019,24,1-29,SEA,NFL,11,0,1,0,0,1
1225,Aviante Collins\CollAv00,2019,26,,MIN,NFL,2,1,1,0,0,1
1226,Aaron Colvin\ColvAa00,2019,28,4-114,2TM,NFL,7,3,1,0,0,1
1227,John Cominsky\ComiJo00,2019,24,4-135,ATL,NFL,10,0,1,0,0,1
1228,Tyler Conklin\ConkTy00,2019,24,5-157,MIN,NFL,15,1,1,0,0,1
1229,Byron Cowart\CowaBy00,2019,23,5-159,NWE,NFL,5,0,1,0,0,1
1230,Bryan Cox\CoxxBr01,2019,25,,2TM,NFL,7,2,1,0,0,1
1231,Tyrone Crawford\CrawTy00,2019,30,3-81,DAL,NFL,4,2,1,0,0,1
1232,Ken Crawley\CrawKe02,2019,26,,2TM,NFL,5,2,1,0,0,1
1233,Keion Crossen\CrosKe00,2019,23,7-243,HOU,NFL,16,0,1,0,0,1
1234,Dane Cruikshank\CruiDa00,2019,24,5-152,TEN,NFL,16,0,1,0,0,1
1235,Austin Cutting\CuttAu00,2019,22,7-250,MIN,NFL,16,0,1,0,0,1
1236,Jordan Dangerfield\DangJo00,2019,29,,PIT,NFL,16,0,1,0,0,1
1237,Chase Daniel\DaniCh00,2019,33,,CHI,NFL,3,1,1,0,0,1
1238,Mike Daniels\DaniMi00,2019,30,4-132,DET,NFL,9,2,1,0,0,1
1239,Cody Davis\DaviCo02,2019,30,,JAX,NFL,16,0,1,0,0,1
1240,Trevor Davis\DaviTr03,2019,26,5-163,3TM,NFL,14,4,1,0,0,1
1241,Vernon Davis\DaviVe00,2019,35,1-6,WAS,NFL,4,1,1,0,0,1
1242,Noah Dawkins\DawkNo00,2019,22,,TAM,NFL,10,0,1,0,0,1
1243,Jamil Demby\DembJa00,2019,23,6-192,LAR,NFL,6,1,1,0,0,1
1244,Zak DeOssie\DeOsZa99,2019,35,4-116,NYG,NFL,11,0,1,0,0,1
1245,Seth Devalve\DevaSe00,2019,26,4-138,JAX,NFL,12,6,1,0,0,1
1246,Keelan Doss\DossKe00,2019,23,,OAK,NFL,8,2,1,0,0,1
1247,Ross Dwelley\DwelRo00,2019,24,,SFO,NFL,16,6,1,0,0,1
1248,Nick Dzubnar\DzubNi00,2019,28,,LAC,NFL,16,0,1,0,0,1
1249,Nate Ebner\EbneNa00,2019,31,6-197,NWE,NFL,14,0,1,0,0,1
1250,Trey Edmunds\EdmuTr00,2019,25,,PIT,NFL,11,0,1,0,0,1
1251,Mario Edwards\EdwaMa01,2019,25,2-35,NOR,NFL,14,0,1,0,0,1
1252,Emeke Egbule\EgbuEm00,2019,23,6-200,LAC,NFL,15,0,1,0,0,1
1253,Parker Ehinger\EhinPa00,2019,27,4-105,BAL,NFL,2,1,1,0,0,1
1254,Daniel Ekuale\EkuaDa00,2019,25,,CLE,NFL,7,0,1,0,0,1
1255,Rhett Ellison\ElliRh00,2019,31,4-128,NYG,NFL,10,7,1,0,0,1
1256,Jermaine Eluemunor\ElueJe00,2019,25,5-159,NWE,NFL,10,0,1,0,0,1
1257,Jordan Evans\EvanJo01,2019,24,6-193,CIN,NFL,16,0,1,0,0,1
1258,Luke Falk\FalkLu00,2019,25,6-199,NYJ,NFL,3,2,1,0,0,1
1259,Matthias Farley\FarlMa00,2019,27,,NYJ,NFL,13,0,1,0,0,1
1260,Clayton Fejedelem\FejeCl00,2019,26,7-245,CIN,NFL,16,0,1,0,0,1
1261,Rashad Fenton\FentRa00,2019,22,6-201,KAN,NFL,12,0,1,0,0,1
1262,Reid Ferguson\FergRe00,2019,25,,BUF,NFL,16,0,1,0,0,1
1263,Ryan Finley\FinlRy00,2019,25,4-104,CIN,NFL,3,3,1,0,0,1
1264,Nick Folk\FolkNi20,2019,35,6-178,NWE,NFL,7,0,1,0,0,1
1265,Mike Ford\FordMi01,2019,24,,DET,NFL,15,2,1,0,0,1
1266,Rudy Ford\FordRu00,2019,25,6-208,PHI,NFL,10,0,1,0,0,1
1267,Robert Foster\FostRo01,2019,25,,BUF,NFL,13,2,1,0,0,1
1268,Zaire Franklin\FranZa00,2019,23,7-235,IND,NFL,16,0,1,0,0,1
1269,Greg Gaines\GainGr00,2019,23,4-134,LAR,NFL,10,0,1,0,0,1
1270,Phillip Gaines\GainPh00,2019,28,3-87,HOU,NFL,6,2,1,0,0,1
1271,Wayne Gallman\GallWa00,2019,25,4-140,NYG,NFL,10,2,1,0,0,1
1272,Max Garcia\GarcMa00,2019,28,4-133,ARI,NFL,7,0,1,0,0,1
1273,Dennis Gardeck\GardDe01,2019,25,,ARI,NFL,14,0,1,0,0,1
1274,Myles Gaskin\GaskMy00,2019,22,7-234,MIA,NFL,7,0,1,0,0,1
1275,Ulysees Gilbert\GilbUl00,2019,22,6-207,PIT,NFL,7,0,1,0,0,1
1276,Ryan Glasgow\GlasRy00,2019,26,4-138,CIN,NFL,5,2,1,0,0,1
1277,C.J. Goodwin\GoodC.00,2019,29,,DAL,NFL,16,0,1,0,0,1
1278,Robbie Gould\gouldrob01,2019,37,,SFO,NFL,13,0,1,0,0,1
1279,Jermaine Grace\GracJe00,2019,26,,ATL,NFL,12,0,1,0,0,1
1280,Jaeden Graham\GrahJa01,2019,24,,ATL,NFL,16,0,1,0,0,1
1281,Carl Granderson\GranCa01,2019,23,,NOR,NFL,8,0,1,0,0,1
1282,Virgil Green\GreeVi00,2019,31,7-204,LAC,NFL,15,4,1,0,0,1
1283,Will Grier\GrieWi00,2019,24,3-100,CAR,NFL,2,2,1,0,0,1
1284,Shaquem Griffin\GrifSh01,2019,24,5-141,SEA,NFL,16,0,1,0,0,1
1285,Ryan Groy\GroyRy00,2019,29,,LAC,NFL,9,0,1,0,0,1
1286,Porter Gustin\GustPo01,2019,22,,CLE,NFL,6,0,1,0,0,1
1287,Joe Haeg\HaegJo00,2019,26,5-155,IND,NFL,16,0,1,0,0,1
1288,Bryce Hager\HageBr00,2019,27,7-224,LAR,NFL,5,4,1,0,0,1
1289,Daeshon Hall\HallDa01,2019,24,3-77,PHI,NFL,9,0,1,0,0,1
1290,Antonio Hamilton\HamiAn01,2019,26,,NYG,NFL,16,2,1,0,0,1
1291,Da'Shawn Hand\HandDa00,2019,24,4-114,DET,NFL,3,2,1,0,0,1
1292,Justin Hardee\HardJu01,2019,25,,NOR,NFL,16,0,1,0,0,1
1293,Clark Harris\HarrCl20,2019,35,7-243,CIN,NFL,16,0,1,0,0,1
1294,Demetrius Harris\HarrDe03,2019,28,,CLE,NFL,15,6,1,0,0,1
1295,Deonte Harris\HarrDe07,2019,22,,NOR,NFL,14,1,1,1,1,1
1296,Josh Harris\HarrJo02,2019,30,,ATL,NFL,16,0,1,0,0,1
1297,N'Keal Harry\HarrNK00,2019,22,1-32,NWE,NFL,7,5,1,0,0,1
1298,Josh Harvey-Clemons\HarvJo01,2019,25,7-230,WAS,NFL,9,0,1,0,0,1
1299,Marquis Haynes\HaynMa01,2019,26,4-136,CAR,NFL,11,0,1,0,0,1
1300,Bruce Hector\HectBr00,2019,25,,PHI,NFL,3,1,1,0,0,1
1301,Darrell Henderson\HendDa00,2019,22,3-70,LAR,NFL,13,0,1,0,0,1
1302,Seantrel Henderson\HendSe00,2019,27,7-237,HOU,NFL,4,1,1,0,0,1
1303,Thomas Hennessy\HennTh00,2019,25,,NYJ,NFL,16,0,1,0,0,1
1304,Hale Hentges\HentHa00,2019,23,,WAS,NFL,11,4,1,0,0,1
1305,Treyvon Hester\HestTr00,2019,27,7-244,WAS,NFL,15,0,1,0,0,1
1306,Jeff Heuerman\HeueJe00,2019,27,3-92,DEN,NFL,14,11,1,0,0,1
1307,Holton Hill\HillHo00,2019,22,,MIN,NFL,8,1,1,0,0,1
1308,Trysten Hill\HillTr00,2019,21,2-58,DAL,NFL,7,0,1,0,0,1
1309,Dontrell Hilliard\HillDo00,2019,24,,CLE,NFL,14,0,1,0,0,1
1310,Jon Hilliman\HillJo03,2019,24,,NYG,NFL,3,1,1,0,0,1
1311,KhaDarel Hodge\HodgKh00,2019,24,,CLE,NFL,16,1,1,0,0,1
1312,Justin Hollins\HollJu00,2019,23,5-156,DEN,NFL,15,0,1,0,0,1
1313,Mack Hollins\HollMa00,2019,26,4-118,2TM,NFL,16,3,1,0,0,1
1314,J.P. Holtz\HoltJ.01,2019,26,,2TM,NFL,15,7,1,0,0,1
1315,Travis Homer\HomeTr00,2019,21,6-204,SEA,NFL,16,1,1,0,0,1
1316,Amani Hooker\HookAm00,2019,21,4-116,TEN,NFL,16,0,1,0,0,1
1317,Jesper Horsted\HorsJe00,2019,22,,CHI,NFL,6,1,1,0,0,1
1318,DeAndre Houston-Carson\HousDe00,2019,26,6-185,CHI,NFL,16,0,1,0,0,1
1319,Travin Howard\HowaTr00,2019,23,7-231,LAR,NFL,16,0,1,0,0,1
1320,Brian Hoyer\HoyeBr00,2019,34,,IND,NFL,4,1,1,0,0,1
1321,Charley Hughlett\HughCh01,2019,29,,CLE,NFL,16,0,1,0,0,1
1322,Dontrelle Inman\InmaDo00,2019,30,,2TM,NFL,7,1,1,0,0,1
1323,Isaiah Irving\IrviIs00,2019,25,,CHI,NFL,13,0,1,0,0,1
1324,Kemal Ishmael\IshmKe00,2019,28,7-243,ATL,NFL,14,3,1,0,0,1
1325,Danny Isidora\IsidDa00,2019,25,5-180,MIA,NFL,3,3,1,0,0,1
1326,Joel Iyiegbuniwe\IyieJo00,2019,24,4-115,CHI,NFL,15,0,1,0,0,1
1327,Ryan Izzo\IzzoRy00,2019,24,7-250,NWE,NFL,6,4,1,0,0,1
1328,DeSean Jackson\JackDe00,2019,33,2-49,PHI,NFL,3,3,1,0,0,1
1329,Josh Jackson\JackJo01,2019,23,2-45,GNB,NFL,14,0,1,0,0,1
1330,Justin Jackson\JackJu01,2019,24,7-251,LAC,NFL,7,0,1,0,0,1
1331,Andre James\JameAn01,2019,22,,OAK,NFL,12,1,1,0,0,1
1332,Craig James\JameCr01,2019,23,,PHI,NFL,14,1,1,0,0,1
1333,Ja'Wuan James\JameJa01,2019,27,1-19,DEN,NFL,3,3,1,0,0,1
1334,Jesse James\JameJe00,2019,25,5-160,DET,NFL,16,11,1,0,0,1
1335,J.J. Jansen\JansJ.00,2019,33,,CAR,NFL,16,0,1,0,0,1
1336,Malik Jefferson\JeffMa00,2019,23,3-78,CLE,NFL,9,0,1,0,0,1
1337,Tony Jefferson\JeffTo00,2019,27,,BAL,NFL,5,5,1,0,0,1
1338,D'Ernest Johnson\JohnDE04,2019,23,,CLE,NFL,16,0,1,0,0,1
1339,Danny Johnson\JohnDa09,2019,24,,WAS,NFL,2,2,1,0,0,1
1340,Fred Johnson\JohnFr01,2019,22,,CIN,NFL,6,1,1,0,0,1
1341,Jaquan Johnson\JohnJa11,2019,24,6-181,BUF,NFL,13,0,1,0,0,1
1342,Kevin Johnson\JohnKe04,2019,27,1-16,BUF,NFL,16,1,1,0,0,1
1343,Chris Jones\JoneCh02,2019,30,,DAL,NFL,16,0,1,0,0,1
1344,Chris Jones\JoneCh06,2019,24,,ARI,NFL,11,3,1,0,0,1
1345,Colin Jones\JoneCo01,2019,32,6-190,CAR,NFL,16,0,1,0,0,1
1346,Cyrus Jones\JoneCy00,2019,26,2-60,BAL,NFL,8,1,1,0,0,1
1347,Joseph Jones\JoneJo05,2019,25,,DEN,NFL,12,0,1,0,0,1
1348,Reshad Jones\JoneRe99,2019,31,5-163,MIA,NFL,4,4,1,0,0,1
1349,Dion Jordan\JordDi00,2019,29,1-3,OAK,NFL,7,0,1,0,0,1
1350,Peter Kalambayi\KalaPe00,2019,24,6-214,HOU,NFL,16,0,1,0,0,1
1351,Bronson Kaufusi\KaufBr01,2019,28,3-70,NYJ,NFL,3,1,1,0,0,1
1352,Kingsley Keke\KekeKi00,2019,23,5-150,GNB,NFL,14,0,1,0,0,1
1353,Kameron Kelly\KellKa02,2019,23,,PIT,NFL,14,1,1,0,0,1
1354,Arden Key\KeyxAr00,2019,23,3-87,OAK,NFL,7,0,1,0,0,1
1355,Miles Killebrew\KillMi00,2019,26,4-111,DET,NFL,15,1,1,0,0,1
1356,Christian Kirksey\KirkCh00,2019,27,3-71,CLE,NFL,2,2,1,0,0,1
1357,Brandon Knight\KnigBr01,2019,22,,DAL,NFL,7,1,1,0,0,1
1358,Casey Kreiter\KreiCa00,2019,29,,DEN,NFL,16,0,1,0,0,1
1359,Tyler Kroft\KrofTy00,2019,27,3-85,BUF,NFL,11,3,1,0,0,1
1360,Jordan Kunaszyk\KunaJo00,2019,23,,CAR,NFL,9,0,1,0,0,1
1361,Deon Lacey\LaceDe00,2019,29,,MIA,NFL,16,0,1,0,0,1
1362,Matt LaCosse\LaCoMa00,2019,27,,NWE,NFL,11,8,1,0,0,1
1363,L.P. Ladouceur\LadoL.20,2019,38,,DAL,NFL,16,0,1,0,0,1
1364,Kendall Lamm\LammKe00,2019,27,,CLE,NFL,4,2,1,0,0,1
1365,Chris Lammons\LammCh00,2019,23,,MIA,NFL,12,0,1,0,0,1
1366,Forrest Lamp\LampFo00,2019,25,2-38,LAC,NFL,7,2,1,0,0,1
1367,Ted Larsen\LarsTe20,2019,32,6-205,CHI,NFL,12,2,1,0,0,1
1368,Tyler Larsen\LarsTy00,2019,28,,CAR,NFL,16,0,1,0,0,1
1369,Justin Layne\LaynJu00,2019,21,3-83,PIT,NFL,10,0,1,0,0,1
1370,Dallin Leavitt\LeavDa00,2019,25,,OAK,NFL,15,0,1,0,0,1
1371,Cre'von LeBlanc\LeBlCr01,2019,25,,PHI,NFL,4,1,1,0,0,1
1372,Elijah Lee\LeexEl00,2019,23,7-232,SFO,NFL,8,1,1,0,0,1
1373,Marquel Lee\LeexMa01,2019,24,5-168,OAK,NFL,5,3,1,0,0,1
1374,Anthony Levine\LeviAn00,2019,32,,BAL,NFL,16,0,1,0,0,1
1375,Marcedes Lewis\LewiMa00,2019,35,1-28,GNB,NFL,16,11,1,0,0,1
1376,Ryan Lewis\LewiRy01,2019,25,,3TM,NFL,13,3,1,0,0,1
1377,Tyquan Lewis\LewiTy00,2019,24,2-64,IND,NFL,9,0,1,0,0,1
1378,Alex Light\LighAl00,2019,23,,GNB,NFL,13,0,1,0,0,1
1379,Zach Line\LineZa01,2019,29,,NOR,NFL,12,2,1,0,0,1
1380,Greg Little\LittGr01,2019,22,2-37,CAR,NFL,4,3,1,0,0,1
1381,Corey Liuget\LiugCo00,2019,29,1-18,2TM,NFL,10,0,1,0,0,1
1382,David Long\LongDa04,2019,21,6-188,TEN,NFL,14,0,1,0,0,1
1383,Spencer Long\LongSp00,2019,29,3-78,BUF,NFL,14,0,1,0,0,1
1384,Steve Longa\LongSt00,2019,25,,DET,NFL,10,0,1,0,0,1
1385,Kyle Love\LoveKy00,2019,33,,CAR,NFL,15,1,1,0,0,1
1386,Jordan Lucas\LucaJo00,2019,26,6-204,KAN,NFL,14,0,1,0,0,1
1387,Frankie Luvu\LuvuFr00,2019,23,,NYJ,NFL,13,0,1,0,0,1
1388,Aaron Lynch\LyncAa00,2019,26,5-150,CHI,NFL,16,0,1,0,0,1
1389,Greg Mancz\MancGr00,2019,27,,HOU,NFL,9,1,1,0,0,1
1390,Justin March-Lillard\MarcJu00,2019,26,,DAL,NFL,16,0,1,0,0,1
1391,Dean Marlowe\MarlDe00,2019,27,,BUF,NFL,9,2,1,0,0,1
1392,Jacob Martin\MartJa02,2019,24,6-186,HOU,NFL,14,0,1,0,0,1
1393,Hercules Mata'afa\MataHe00,2019,24,,MIN,NFL,6,0,1,0,0,1
1394,Tyler Matakevich\MataTy00,2019,27,7-246,PIT,NFL,16,0,1,0,0,1
1395,Cole Mazza\MazzCo01,2019,24,,LAC,NFL,16,0,1,0,0,1
1396,A.J. McCarron\McCaA.00,2019,29,5-164,HOU,NFL,2,1,1,0,0,1
1397,Lerentee McCray\McCrLe01,2019,29,,JAX,NFL,9,0,1,0,0,1
1398,Daniel McCullers\McCuDa00,2019,27,6-215,PIT,NFL,16,0,1,0,0,1
1399,Conor McDermott\McDeCo00,2019,27,6-211,NYJ,NFL,7,2,1,0,0,1
1400,Clinton McDonald\McDoCl99,2019,32,7-249,ARI,NFL,9,0,1,0,0,1
1401,R.J. McIntosh\McInR.00,2019,23,5-139,NYG,NFL,12,0,1,0,0,1
1402,Sherrick McManis\McMaSh99,2019,32,5-144,CHI,NFL,9,0,1,0,0,1
1403,Jake McQuaide\McQuJa00,2019,32,,LAR,NFL,16,0,1,0,0,1
1404,Tony McRae\McRaTo00,2019,26,,CIN,NFL,16,2,1,0,0,1
1405,Joshua Miles\MileJo00,2019,23,7-248,ARI,NFL,7,0,1,0,0,1
1406,Christian Miller\MillCh04,2019,23,4-115,CAR,NFL,7,0,1,0,0,1
1407,Jordan Miller\MillJo05,2019,22,5-172,ATL,NFL,10,0,1,0,0,1
1408,Rolan Milligan\MillRo03,2019,25,,IND,NFL,11,1,1,0,0,1
1409,Jordan Mills\MillJo02,2019,29,5-163,ARI,NFL,3,2,1,0,0,1
1410,Barkevious Mingo\MingBa00,2019,29,1-6,HOU,NFL,16,1,1,0,0,1
1411,Ty Montgomery\MontTy01,2019,26,3-94,NYJ,NFL,16,2,1,0,0,1
1412,A.J. Moore\MoorA.00,2019,24,,HOU,NFL,16,0,1,0,0,1
1413,C.J. Moore\MoorCJ01,2019,24,,DET,NFL,16,0,1,0,0,1
1414,Foster Moreau\MoreFo00,2019,22,4-137,OAK,NFL,13,7,1,0,0,1
1415,Don Muhlbach\MuhlDo20,2019,38,,DET,NFL,16,0,1,0,0,1
1416,Calvin Munson\MunsCa00,2019,25,,MIA,NFL,2,2,1,0,0,1
1417,Keanu Neal\NealKe01,2019,24,1-17,ATL,NFL,3,3,1,0,0,1
1418,Siran Neal\NealSi00,2019,25,5-154,BUF,NFL,15,1,1,0,0,1
1419,Sharrod Neasman\NeasSh00,2019,28,,ATL,NFL,15,0,1,0,0,1
1420,Anthony Nelson\NelsAn01,2019,22,4-107,TAM,NFL,9,1,1,0,0,1
1421,Corey Nelson\NelsCo00,2019,27,7-242,DEN,NFL,7,2,1,0,0,1
1422,Kyle Nelson\NelsKy00,2019,33,,SFO,NFL,10,0,1,0,0,1
1423,Cam Newton\NewtCa00,2019,30,1-1,CAR,NFL,2,2,1,0,0,1
1424,Hardy Nickerson\NickHa02,2019,25,,CIN,NFL,7,0,1,0,0,1
1425,Keisean Nixon\NixoKe00,2019,22,,OAK,NFL,14,0,1,0,0,1
1426,Ty Nsekhe\NsekTy00,2019,34,,BUF,NFL,10,1,1,0,0,1
1427,Rakeem Nunez-Roches\NuneRa00,2019,26,6-217,TAM,NFL,16,0,1,0,0,1
1428,Pat O'Connor\OConPa00,2019,26,7-250,TAM,NFL,8,0,1,0,0,1
1429,Dorian O'Daniel\ODanDo00,2019,25,3-100,KAN,NFL,14,0,1,0,0,1
1430,Nick O'Leary\OLeaNi00,2019,27,6-194,2TM,NFL,12,5,1,0,0,1
1431,James O'Shaughnessy\O'ShJa00,2019,27,5-173,JAX,NFL,5,5,1,0,0,1
1432,Efe Obada\ObadEf00,2019,27,,CAR,NFL,16,0,1,0,0,1
1433,George Odum\OdumGe00,2019,26,,IND,NFL,16,1,1,0,0,1
1434,Cedric Ogbuehi\OgbuCe00,2019,27,1-21,JAX,NFL,14,0,1,0,0,1
1435,Ogbonnia Okoronkwo\OkorOg00,2019,24,5-160,LAR,NFL,10,0,1,0,0,1
1436,Patrick Omameh\OmamPa00,2019,30,,NOR,NFL,14,1,1,0,0,1
1437,Charles Omenihu\OmenCh00,2019,22,5-161,HOU,NFL,14,0,1,0,0,1
1438,Nate Orchard\OrchNa00,2019,26,2-51,WAS,NFL,5,0,1,0,0,1
1439,Amani Oruwariye\OruwAm00,2019,23,5-146,DET,NFL,9,2,1,0,0,1
1440,Matthew Orzech\OrzeMa00,2019,24,,JAX,NFL,16,0,1,0,0,1
1441,Kelechi Osemele\OsemKe00,2019,30,2-60,NYJ,NFL,3,3,1,0,0,1
1442,Tyler Ott\OttxTy00,2019,27,,SEA,NFL,16,0,1,0,0,1
1443,Cody Parkey\ParkCo03,2019,27,,TEN,NFL,3,0,1,0,0,1
1444,Lucas Patrick\PatrLu00,2019,26,,GNB,NFL,14,0,1,0,0,1
1445,Natrez Patrick\PatrNa00,2019,22,,LAR,NFL,12,0,1,0,0,1
1446,Mike Pennel\PennMi00,2019,28,,KAN,NFL,8,0,1,0,0,1
1447,Taybor Pepper\PeppTa00,2019,25,,MIA,NFL,16,0,1,0,0,1
1448,Joshua Perkins\PerkJo02,2019,26,,PHI,NFL,5,0,1,0,0,1
1449,Kevin Peterson\PeteKe01,2019,25,,ARI,NFL,14,3,1,0,0,1
1450,Dante Pettis\PettDa00,2019,24,2-44,SFO,NFL,11,4,1,0,0,1
1451,Olsen Pierre\PierOl00,2019,28,,NYG,NFL,9,0,1,0,0,1
1452,Ethan Pocic\PociEt00,2019,24,2-58,SEA,NFL,4,1,1,0,0,1
1453,Bilal Powell\PoweBi00,2019,31,4-126,NYJ,NFL,13,1,1,0,0,1
1454,Isaiah Prince\PrinIs00,2019,22,6-202,MIA,NFL,4,2,1,0,0,1
1455,C.J. Prosise\ProsC.00,2019,25,3-90,SEA,NFL,9,0,1,0,0,1
1456,MyCole Pruitt\PruiMy00,2019,27,5-143,TEN,NFL,16,10,1,0,0,1
1457,Matt Pryor\PryoMa00,2019,25,6-206,PHI,NFL,12,0,1,0,0,1
1458,Spencer Pulley\PullSp00,2019,26,,NYG,NFL,4,1,1,0,0,1
1459,Trey Quinn\QuinTr00,2019,24,7-256,WAS,NFL,12,6,1,0,0,1
1460,Sheldon Rankins\RankSh00,2019,25,1-12,NOR,NFL,10,0,1,0,0,1
1461,Kalif Raymond\RaymKa00,2019,25,,TEN,NFL,8,1,1,0,0,1
1462,Jeremy Reaves\ReavJe00,2019,23,,WAS,NFL,9,3,1,0,0,1
1463,Alex Redmond\RedmAl01,2019,24,,CIN,NFL,3,2,1,0,0,1
1464,Brooks Reed\ReedBr00,2019,32,2-42,ARI,NFL,9,0,1,0,0,1
1465,Chris Reed\ReedCh00,2019,27,,2TM,NFL,8,1,1,0,0,1
1466,D.J. Reed\ReedD.00,2019,23,5-142,SFO,NFL,16,0,1,0,0,1
1467,Caraun Reid\ReidCa00,2019,28,5-158,ARI,NFL,3,3,1,0,0,1
1468,LaRoy Reynolds\ReynLa00,2019,29,,CIN,NFL,15,0,1,0,0,1
1469,Luke Rhodes\RhodLu00,2019,27,,IND,NFL,16,0,1,0,0,1
1470,Patrick Ricard\RicaPa00,2019,25,,BAL,NFL,16,7,1,1,0,1
1471,Jordan Richards\RichJo00,2019,26,2-64,2TM,NFL,12,0,1,0,0,1
1472,Riley Ridley\RidlRi00,2019,23,4-126,CHI,NFL,5,0,1,0,0,1
1473,Curtis Riley\RileCu00,2019,27,,OAK,NFL,16,3,1,0,0,1
1474,Duke Riley\RileDu00,2019,25,3-75,2TM,NFL,16,0,1,0,0,1
1475,Derick Roberson\RobeDe01,2019,24,,TEN,NFL,3,0,1,0,0,1
1476,Patrick Robinson\RobiPa99,2019,32,1-32,NOR,NFL,11,0,1,0,0,1
1477,Isaac Rochell\RochIs00,2019,24,7-225,LAC,NFL,16,0,1,0,0,1
1478,Jake Rodgers\RodgJa03,2019,28,7-225,DEN,NFL,14,1,1,0,0,1
1479,Ben Roethlisberger\RoetBe00,2019,37,1-11,PIT,NFL,2,2,1,0,0,1
1480,Jordan Roos\RoosJo00,2019,26,,SEA,NFL,7,0,1,0,0,1
1481,Aldrick Rosas\RosaAl00,2019,25,,NYG,NFL,16,0,1,0,0,1
1482,Josh Rosen\RoseJo01,2019,22,1-10,MIA,NFL,6,3,1,0,0,1
1483,Anthony Rush\RushAn00,2019,23,,PHI,NFL,9,0,1,0,0,1
1484,Ty Sambrailo\SambTy00,2019,27,2-59,ATL,NFL,13,0,1,0,0,1
1485,Patrick Scales\ScalPa00,2019,31,,CHI,NFL,16,0,1,0,0,1
1486,Orlando Scandrick\ScanOr99,2019,32,5-143,PHI,NFL,3,1,1,0,0,1
1487,Nick Scott\ScotNi01,2019,24,7-243,LAR,NFL,16,0,1,0,0,1
1488,Coty Sensabaugh\SensCo00,2019,31,4-115,2TM,NFL,6,2,1,0,0,1
1489,Adam Shaheen\ShahAd00,2019,25,2-45,CHI,NFL,8,2,1,0,0,1
1490,Tyler Shatley\ShatTy00,2019,28,,JAX,NFL,16,0,1,0,0,1
1491,Duke Shelley\ShelDu00,2019,23,6-205,CHI,NFL,9,0,1,0,0,1
1492,Coleman Shelton\ShelCo00,2019,24,,LAR,NFL,11,0,1,0,0,1
1493,Nathan Shepherd\ShepNa00,2019,26,3-72,NYJ,NFL,9,0,1,0,0,1
1494,Trent Sherfield\SherTr00,2019,23,,ARI,NFL,16,1,1,0,0,1
1495,Kawann Short\ShorKa00,2019,30,2-44,CAR,NFL,2,2,1,0,0,1
1496,Trent Sieg\SiegTr00,2019,24,,OAK,NFL,16,0,1,0,0,1
1497,Zach Sieler\SielZa00,2019,24,7-238,2TM,NFL,7,1,1,0,0,1
1498,Alex Singleton\SingAl00,2019,26,,PHI,NFL,10,0,1,0,0,1
1499,Tuzar Skipper\SkipTu00,2019,24,,NYG,NFL,6,0,1,0,0,1
1500,Wendell Smallwood\SmalWe00,2019,25,5-153,WAS,NFL,15,0,1,0,0,1
1501,Tanzel Smart\SmarTa00,2019,25,6-189,LAR,NFL,13,0,1,0,0,1
1502,Andre Smith\SmitAn04,2019,22,7-234,CAR,NFL,16,0,1,0,0,1
1503,Chris Smith\SmitCh03,2019,27,5-159,CLE,NFL,9,0,1,0,0,1
1504,Devin Smith\SmitDe04,2019,27,2-37,DAL,NFL,4,2,1,0,0,1
1505,Ito Smith\SmitIt00,2019,24,4-126,ATL,NFL,7,0,1,0,0,1
1506,Malcolm Smith\SmitMa02,2019,30,7-242,2TM,NFL,4,1,1,0,0,1
1507,Ryan Smith\SmitRy00,2019,26,4-108,TAM,NFL,12,0,1,0,0,1
1508,Tye Smith\SmitTy01,2019,26,5-170,TEN,NFL,9,3,1,0,0,1
1509,E.J. Speed\SpeeEJ00,2019,24,5-164,IND,NFL,12,0,1,0,0,1
1510,Robert Spillane\SpilRo00,2019,24,,PIT,NFL,8,0,1,0,0,1
1511,Darren Sproles\SproDa00,2019,36,4-130,PHI,NFL,6,1,1,0,0,1
1512,Darian Stewart\StewDa00,2019,31,,TAM,NFL,13,1,1,0,0,1
1513,M.J. Stewart\StewM.00,2019,24,2-53,TAM,NFL,10,1,1,0,0,1
1514,Kevin Strong\StroKe00,2019,23,,DET,NFL,8,0,1,0,0,1
1515,Nathan Stupar\StupNa01,2019,31,7-230,NYG,NFL,3,1,1,0,0,1
1516,Chandon Sullivan\SullCh00,2019,23,,GNB,NFL,16,0,1,0,0,1
1517,Ty Summers\SummTy00,2019,24,7-226,GNB,NFL,16,0,1,0,0,1
1518,Nick Sundberg\SundNi00,2019,32,,WAS,NFL,16,0,1,0,0,1
1519,Keaton Sutherland\SuthKe00,2019,22,,2TM,NFL,4,2,1,0,0,1
1520,Cameron Sutton\SuttCa00,2019,24,3-94,PIT,NFL,16,0,1,0,0,1
1521,Tommy Sweeney\SweeTo00,2019,24,7-228,BUF,NFL,6,1,1,0,0,1
1522,Josiah Tauaefa\TauaJo00,2019,22,,NYG,NFL,12,0,1,0,0,1
1523,Adarius Taylor\GlanAd00,2019,29,,CLE,NFL,15,0,1,0,0,1
1524,Jamar Taylor\TaylJa01,2019,29,2-54,2TM,NFL,12,0,1,0,0,1
1525,Jullian Taylor\TaylJu00,2019,24,7-223,SFO,NFL,6,0,1,0,0,1
1526,Lane Taylor\TaylLa01,2019,30,,GNB,NFL,2,2,1,0,0,1
1527,Vincent Taylor\TaylVi00,2019,25,6-194,BUF,NFL,3,0,1,0,0,1
1528,Manti Te'o\TeoxMa00,2019,28,2-38,NOR,NFL,3,2,1,0,0,1
1529,Marvell Tell\TellMa00,2019,23,5-144,IND,NFL,13,1,1,0,0,1
1530,Ian Thomas\ThomIa00,2019,23,4-101,CAR,NFL,16,3,1,0,0,1
1531,Logan Thomas\ThomLo00,2019,28,4-120,DET,NFL,16,3,1,0,0,1
1532,Michael Thomas\ThomMi02,2019,29,,NYG,NFL,16,2,1,0,0,1
1533,Simeon Thomas\ThomSi00,2019,26,6-188,WAS,NFL,12,0,1,0,0,1
1534,Tavierre Thomas\ThomTa01,2019,23,,CLE,NFL,16,0,1,0,0,1
1535,Corey Thompson\ThomCo02,2019,26,,BUF,NFL,12,0,1,0,0,1
1536,Darwin Thompson\ThomDa06,2019,23,6-214,KAN,NFL,12,0,1,0,0,1
1537,Deionte Thompson\ThomDe06,2019,22,5-139,ARI,NFL,11,2,1,0,0,1
1538,Kevin Toliver\ToliKe00,2019,24,,CHI,NFL,12,1,1,0,0,1
1539,Robert Tonyan\TonyRo00,2019,25,,GNB,NFL,11,1,1,0,0,1
1540,Zach Triner\TrinZa00,2019,28,,TAM,NFL,16,0,1,0,0,1
1541,Jacob Tuioti-Mariner\TuioJa00,2019,23,,ATL,NFL,8,1,1,0,0,1
1542,Zeke Turner\TurnZe00,2019,23,,ARI,NFL,12,0,1,0,0,1
1543,Brent Urban\UrbaBr00,2019,28,4-134,2TM,NFL,13,0,1,0,0,1
1544,Tanner Vallejo\VallTa00,2019,25,6-195,2TM,NFL,11,0,1,0,0,1
1545,Andrew Van Ginkel\VanGAn00,2019,24,5-151,MIA,NFL,6,1,1,0,0,1
1546,Nick Vannett\VannNi00,2019,26,3-94,2TM,NFL,16,7,1,0,0,1
1547,Dee Virgin\VirgDe00,2019,26,,DET,NFL,15,0,1,0,0,1
1548,Danny Vitale\VitaDa00,2019,26,6-197,GNB,NFL,15,4,1,0,0,1
1549,Cameron Wake\WakeCa00,2019,37,,TEN,NFL,9,0,1,0,0,1
1550,Spencer Ware\WareSp00,2019,28,6-194,KAN,NFL,3,1,1,0,0,1
1551,Charles Washington\WashCh01,2019,26,,ARI,NFL,12,0,1,0,0,1
1552,Dwayne Washington\WashDw00,2019,25,7-236,NOR,NFL,16,0,1,0,0,1
1553,Ben Watson\WatsBe00,2019,39,1-32,NWE,NFL,10,8,1,0,0,1
1554,Josh Watson\WatsJo00,2019,23,,DEN,NFL,8,0,1,0,0,1
1555,Justin Watson\WatsJu01,2019,24,5-144,TAM,NFL,16,2,1,0,0,1
1556,Armani Watts\WattAr00,2019,23,4-124,KAN,NFL,16,0,1,0,0,1
1557,Armon Watts\WattAr01,2019,23,6-190,MIN,NFL,7,1,1,0,0,1
1558,Ken Webster\WebsKe00,2019,23,7-252,MIA,NFL,8,5,1,0,0,1
1559,Jon Weeks\WeekJo00,2019,33,,HOU,NFL,16,0,1,0,0,1
1560,Kerrith Whyte\WhytKe00,2019,23,7-222,PIT,NFL,6,0,1,0,0,1
1561,Kyle Wilber\WilbKy00,2019,30,4-113,OAK,NFL,14,1,1,0,0,1
1562,Duke Williams\WillDu01,2019,26,,BUF,NFL,4,3,1,0,0,1
1563,Joejuan Williams\WillJo13,2019,22,2-45,NWE,NFL,9,0,1,0,0,1
1564,Xavier Williams\WillXa00,2019,27,,KAN,NFL,5,0,1,0,0,1
1565,Damion Willis\WillDa11,2019,22,,CIN,NFL,10,2,1,0,0,1
1566,Jordan Willis\WillJo09,2019,24,3-73,NYJ,NFL,9,0,1,0,0,1
1567,Luke Willson\WillLu00,2019,29,5-158,SEA,NFL,8,7,1,0,0,1
1568,Donovan Wilson\WilsDo01,2019,22,6-213,DAL,NFL,11,0,1,0,0,1
1569,Jeff Wilson\WilsJe01,2019,24,,SFO,NFL,10,0,1,0,0,1
1570,Javon Wims\WimsJa00,2019,25,7-224,CHI,NFL,16,6,1,0,0,1
1571,James Winchester\WincJa00,2019,30,,KAN,NFL,16,0,1,0,0,1
1572,Andrew Wingard\WingAn01,2019,23,,JAX,NFL,16,2,1,0,0,1
1573,Zach Wood\WoodZa00,2019,26,,NOR,NFL,16,0,1,0,0,1
1574,Josh Woods\WoodJo02,2019,23,,CHI,NFL,9,0,1,0,0,1
1575,Blidi Wreh-Wilson\WrehBl00,2019,30,3-70,ATL,NFL,14,2,1,0,0,1
1576,Renell Wren\WrenRe00,2019,24,4-125,CIN,NFL,11,2,1,0,0,1
1577,Deon Yelder\YeldDe00,2019,24,,KAN,NFL,9,1,1,0,0,1
1578,T.J. Yeldon\YeldT.00,2019,26,2-36,BUF,NFL,6,0,1,0,0,1
1579,Olamide Zaccheaus\ZaccOl01,2019,22,,ATL,NFL,10,0,1,0,0,1
1580,Brandon Zylstra\ZylsBr00,2019,26,,CAR,NFL,8,0,1,0,0,1
1581,Johnathan Abram\AbraJo01,2019,23,1-27,OAK,NFL,1,1,1,0,0,0
1582,Jerell Adams\AdamJe01,2019,27,6-184,HOU,NFL,1,0,1,0,0,0
1583,Josh Adams\AdamJo03,2019,23,,NYJ,NFL,3,0,1,0,0,0
1584,Mike Adams\AdamMi21,2019,38,,HOU,NFL,6,0,1,0,0,0
1585,Nasir Adderley\AddeNa00,2019,22,2-60,LAC,NFL,4,0,1,0,0,0
1586,Jay Ajayi\AjayJa00,2019,26,5-149,PHI,NFL,3,0,1,0,0,0
1587,Freedom Akinmoladun\AkinFr01,2019,23,,CIN,NFL,2,0,1,0,0,0
1588,D.J. Alexander\AlexD.00,2019,28,5-172,JAX,NFL,5,0,1,0,0,0
1589,Dakota Allen\AlleDa01,2019,24,7-251,2TM,NFL,5,0,1,0,0,0
1590,Javorius Allen\AlleJa01,2019,28,4-125,NYG,NFL,10,0,1,0,0,0
1591,Jeff Allen\AlleJe01,2019,29,2-44,KAN,NFL,4,0,1,0,0,0
1592,Marcus Allen\AlleMa03,2019,23,5-148,PIT,NFL,1,0,1,0,0,0
1593,C.J. Anderson\AndeC.00,2019,28,,DET,NFL,2,0,1,0,0,0
1594,Stephen Anderson\AndeSt01,2019,26,,LAC,NFL,1,0,1,0,0,0
1595,Josh Andrews\AndrJo01,2019,28,,IND,NFL,6,0,1,0,0,0
1596,Alex Anzalone\AnzaAl00,2019,25,3-76,NOR,NFL,2,0,1,0,0,0
1597,Alex Armah\ArmaAl00,2019,25,6-192,CAR,NFL,16,1,1,0,0,0
1598,Cornell Armstrong\ArmsCo00,2019,24,6-209,HOU,NFL,5,0,1,0,0,0
1599,Ray-Ray Armstrong\ArmsRa01,2019,28,,2TM,NFL,6,0,1,0,0,0
1600,Antony Auclair\AuclAn00,2019,26,,TAM,NFL,8,5,1,0,0,0